-- Text seed fixture for the test suite.
-- Full course catalog (220 courses) + reference tables + synthetic students.
-- Loaded into a fresh temp SQLite DB per test run by conftest.py.
-- Only columns defined in course_reg.db.init_db are exported, so data matches the app schema.
-- Transient app state (metric, enrollment, student_waitlist) intentionally omitted.

BEGIN TRANSACTION;

-- school: 12 rows, cols=['school_id', 'name']
INSERT INTO "school" ("school_id", "name") VALUES (1, 'Unaffiliated');
INSERT INTO "school" ("school_id", "name") VALUES (2, 'Donald Bren School of Information and Computer Sciences');
INSERT INTO "school" ("school_id", "name") VALUES (3, 'School of Physical Sciences');
INSERT INTO "school" ("school_id", "name") VALUES (4, 'School of Humanities');
INSERT INTO "school" ("school_id", "name") VALUES (5, 'School of Social Sciences');
INSERT INTO "school" ("school_id", "name") VALUES (6, 'Joe C. Wen School of Population and Public Health');
INSERT INTO "school" ("school_id", "name") VALUES (8, 'School of Humanities');
INSERT INTO "school" ("school_id", "name") VALUES (9, 'School of Physical Sciences');
INSERT INTO "school" ("school_id", "name") VALUES (11, 'Joe C. Wen School of Population and Public Health');
INSERT INTO "school" ("school_id", "name") VALUES (12, 'School of Social Sciences');
INSERT INTO "school" ("school_id", "name") VALUES (13, 'Charlie Dunlop School of Biological Sciences');
INSERT INTO "school" ("school_id", "name") VALUES (14, 'Paul Merage School of Business');

-- department: 20 rows, cols=['department_id', 'abbreviation', 'name', 'school_id']
INSERT INTO "department" ("department_id", "abbreviation", "name", "school_id") VALUES (1, 'UNI STU', 'University Studies', 1);
INSERT INTO "department" ("department_id", "abbreviation", "name", "school_id") VALUES (2, 'WRITING', 'Writing', 4);
INSERT INTO "department" ("department_id", "abbreviation", "name", "school_id") VALUES (3, 'CHEM', 'Chemistry', 3);
INSERT INTO "department" ("department_id", "abbreviation", "name", "school_id") VALUES (4, 'I&C SCI', 'Information and Computer Sciences', 2);
INSERT INTO "department" ("department_id", "abbreviation", "name", "school_id") VALUES (5, 'POL SCI', 'Political Science', 5);
INSERT INTO "department" ("department_id", "abbreviation", "name", "school_id") VALUES (6, 'PUB HLTH', 'Public Health', 6);
INSERT INTO "department" ("department_id", "abbreviation", "name", "school_id") VALUES (7, 'CLASSIC', 'Classics', 4);
INSERT INTO "department" ("department_id", "abbreviation", "name", "school_id") VALUES (8, 'STATS', 'Statistics', 2);
INSERT INTO "department" ("department_id", "abbreviation", "name", "school_id") VALUES (9, 'MATH', 'Mathematics', 3);
INSERT INTO "department" ("department_id", "abbreviation", "name", "school_id") VALUES (10, 'SPANISH', 'Spanish', 4);
INSERT INTO "department" ("department_id", "abbreviation", "name", "school_id") VALUES (11, 'COM LIT', 'Comparative Literature', 4);
INSERT INTO "department" ("department_id", "abbreviation", "name", "school_id") VALUES (12, 'IN4MATX', 'Informatics', 2);
INSERT INTO "department" ("department_id", "abbreviation", "name", "school_id") VALUES (13, 'COMPSCI', 'Computer Science', 2);
INSERT INTO "department" ("department_id", "abbreviation", "name", "school_id") VALUES (14, 'GDIM', 'Game Design and Interactive Media', 2);
INSERT INTO "department" ("department_id", "abbreviation", "name", "school_id") VALUES (15, 'DATA', 'Data Science', 2);
INSERT INTO "department" ("department_id", "abbreviation", "name", "school_id") VALUES (16, 'PSCI', 'Psychological Science', 5);
INSERT INTO "department" ("department_id", "abbreviation", "name", "school_id") VALUES (17, 'SOCIOL', 'Sociology', 5);
INSERT INTO "department" ("department_id", "abbreviation", "name", "school_id") VALUES (18, 'BIO SCI', 'Biological Sciences', 13);
INSERT INTO "department" ("department_id", "abbreviation", "name", "school_id") VALUES (19, 'ECON', 'Economics', 12);
INSERT INTO "department" ("department_id", "abbreviation", "name", "school_id") VALUES (20, 'MGMT', 'Management', 14);

-- ge_category: 11 rows, cols=['category_id', 'label', 'name']
INSERT INTO "ge_category" ("category_id", "label", "name") VALUES (1, '0', 'No GE Category');
INSERT INTO "ge_category" ("category_id", "label", "name") VALUES (2, 'Ia', 'Lower Division Writing');
INSERT INTO "ge_category" ("category_id", "label", "name") VALUES (3, 'Ib', 'Upper Divison Writing');
INSERT INTO "ge_category" ("category_id", "label", "name") VALUES (4, 'II', 'Science and Technology');
INSERT INTO "ge_category" ("category_id", "label", "name") VALUES (5, 'III', 'Social and Behavioral Sciences');
INSERT INTO "ge_category" ("category_id", "label", "name") VALUES (6, 'IV', 'Arts and Humanities');
INSERT INTO "ge_category" ("category_id", "label", "name") VALUES (7, 'Va', 'Quantitative Literacy');
INSERT INTO "ge_category" ("category_id", "label", "name") VALUES (8, 'Vb', 'Formal Reasoning');
INSERT INTO "ge_category" ("category_id", "label", "name") VALUES (9, 'VI', 'Language Other Than English');
INSERT INTO "ge_category" ("category_id", "label", "name") VALUES (10, 'VII', 'Multicultural Studies');
INSERT INTO "ge_category" ("category_id", "label", "name") VALUES (11, 'VIII', 'International/Global Issues');

-- instructor: 7 rows, cols=['instructor_id', 'first_name', 'last_name']
INSERT INTO "instructor" ("instructor_id", "first_name", "last_name") VALUES (1, 'Irene', 'Gassko');
INSERT INTO "instructor" ("instructor_id", "first_name", "last_name") VALUES (2, 'Alex', 'Thornton');
INSERT INTO "instructor" ("instructor_id", "first_name", "last_name") VALUES (3, 'Candice', 'Yacono');
INSERT INTO "instructor" ("instructor_id", "first_name", "last_name") VALUES (4, 'Lillian', 'Jones');
INSERT INTO "instructor" ("instructor_id", "first_name", "last_name") VALUES (5, 'Shannon', 'Alfaro');
INSERT INTO "instructor" ("instructor_id", "first_name", "last_name") VALUES (6, 'Hengrong', 'Du');
INSERT INTO "instructor" ("instructor_id", "first_name", "last_name") VALUES (7, 'Raymond', 'Klefstad');

-- final: 9 rows, cols=['final_id', 'start_datetime', 'end_datetime']
INSERT INTO "final" ("final_id", "start_datetime", "end_datetime") VALUES (1, NULL, NULL);
INSERT INTO "final" ("final_id", "start_datetime", "end_datetime") VALUES (2, '2026-12-05T13:30:00.000Z', '2026-12-05T15:30:00.000Z');
INSERT INTO "final" ("final_id", "start_datetime", "end_datetime") VALUES (3, '2026-12-08T10:30:00.000Z', '2026-12-08T12:30:00.000Z');
INSERT INTO "final" ("final_id", "start_datetime", "end_datetime") VALUES (4, '2026-12-07T13:30:00.000Z', '2026-12-07T15:30:00.000Z');
INSERT INTO "final" ("final_id", "start_datetime", "end_datetime") VALUES (5, '2026-12-10T16:00:00.000Z', '2026-12-10T18:00:00.000Z');
INSERT INTO "final" ("final_id", "start_datetime", "end_datetime") VALUES (6, '2026-12-11T08:00:00.000Z', '2026-12-11T10:00:00.000Z');
INSERT INTO "final" ("final_id", "start_datetime", "end_datetime") VALUES (7, '2026-12-08T13:30:00.000Z', '2026-12-08T15:30:00.000Z');
INSERT INTO "final" ("final_id", "start_datetime", "end_datetime") VALUES (8, '2026-12-06T10:30:00.000Z', '2026-12-06T12:30:00.000Z');
INSERT INTO "final" ("final_id", "start_datetime", "end_datetime") VALUES (9, '2026-12-08T16:00:00.000Z', '2026-12-08T18:00:00.000Z');

-- course: 219 rows, cols=['course_id', 'course_name', 'course_number', 'difficulty_score', 'estimated_hours_per_week', 'course_code', 'credits', 'category_id', 'department_id', 'course_level', 'type', 'days', 'start_time', 'end_time', 'is_online', 'final_id', 'cancelled', 'num_enrolled', 'capacity', 'waitlist', 'building_code', 'room']
INSERT INTO "course" ("course_id", "course_name", "course_number", "difficulty_score", "estimated_hours_per_week", "course_code", "credits", "category_id", "department_id", "course_level", "type", "days", "start_time", "end_time", "is_online", "final_id", "cancelled", "num_enrolled", "capacity", "waitlist", "building_code", "room") VALUES (1, 'Critical Reading & Rhetoric', '50', 1, 6.0, 33201, 4, 2, 2, 'lower', 'Sem', 'MWF', '2026-09-28T08:00:00.000Z', '2026-09-28T08:50:00.000Z', 0, 1, 0, 4, 12, 0, 'HG', '2310');
INSERT INTO "course" ("course_id", "course_name", "course_number", "difficulty_score", "estimated_hours_per_week", "course_code", "credits", "category_id", "department_id", "course_level", "type", "days", "start_time", "end_time", "is_online", "final_id", "cancelled", "num_enrolled", "capacity", "waitlist", "building_code", "room") VALUES (2, 'Argument & Research', '60', 2, 6.0, 33301, 4, 2, 2, 'lower', 'Sem', 'MWF', '2026-09-28T09:00:00.000Z', '2026-09-28T09:50:00.000Z', 0, 1, 0, 18, 18, 0, 'SSL', '162');
INSERT INTO "course" ("course_id", "course_name", "course_number", "difficulty_score", "estimated_hours_per_week", "course_code", "credits", "category_id", "department_id", "course_level", "type", "days", "start_time", "end_time", "is_online", "final_id", "cancelled", "num_enrolled", "capacity", "waitlist", "building_code", "room") VALUES (3, 'Single-Variable Calculus I', '2A', 3, 6.0, 44080, 4, 8, 9, 'lower', 'Lec', 'MWF', '2026-09-28T10:00:00.000Z', '2026-09-28T10:50:00.000Z', 0, 2, 0, 24, 395, 0, 'ALP', '1300');
INSERT INTO "course" ("course_id", "course_name", "course_number", "difficulty_score", "estimated_hours_per_week", "course_code", "credits", "category_id", "department_id", "course_level", "type", "days", "start_time", "end_time", "is_online", "final_id", "cancelled", "num_enrolled", "capacity", "waitlist", "building_code", "room") VALUES (4, 'Single-Variable Calculus I', '2A', 3, 0.0, 44081, 0, 1, 9, 'lower', 'Dis', 'Tu', '2026-09-29T11:00:00.000Z', '2026-09-29T11:50:00.000Z', 0, 1, 0, 6, 80, 0, 'ICS', '364');
INSERT INTO "course" ("course_id", "course_name", "course_number", "difficulty_score", "estimated_hours_per_week", "course_code", "credits", "category_id", "department_id", "course_level", "type", "days", "start_time", "end_time", "is_online", "final_id", "cancelled", "num_enrolled", "capacity", "waitlist", "building_code", "room") VALUES (5, 'Single-Variable Calculus II', '2B', 3, 6.0, 44150, 4, 8, 9, 'lower', 'Lec', 'MWF', '2026-09-28T12:00:00.000Z', '2026-09-28T12:50:00.000Z', 0, 2, 0, 32, 395, 0, 'BS3', '1200');
INSERT INTO "course" ("course_id", "course_name", "course_number", "difficulty_score", "estimated_hours_per_week", "course_code", "credits", "category_id", "department_id", "course_level", "type", "days", "start_time", "end_time", "is_online", "final_id", "cancelled", "num_enrolled", "capacity", "waitlist", "building_code", "room") VALUES (6, 'Single-Variable Calculus II', '2B', 3, 0.0, 44151, 0, 1, 9, 'lower', 'Dis', 'Tu', '2026-09-29T13:00:00.000Z', '2026-09-29T13:50:00.000Z', 0, 1, 0, 9, 49, 0, 'MSTB', '122');
INSERT INTO "course" ("course_id", "course_name", "course_number", "difficulty_score", "estimated_hours_per_week", "course_code", "credits", "category_id", "department_id", "course_level", "type", "days", "start_time", "end_time", "is_online", "final_id", "cancelled", "num_enrolled", "capacity", "waitlist", "building_code", "room") VALUES (7, 'Introduction to Programming', '31', 1, 6.0, 36045, 4, 4, 4, 'lower', 'Lec', 'TuTh', '2026-09-29T14:00:00.000Z', '2026-09-29T14:50:00.000Z', 0, 3, 0, 0, 182, 0, 'ALP', '2300');
INSERT INTO "course" ("course_id", "course_name", "course_number", "difficulty_score", "estimated_hours_per_week", "course_code", "credits", "category_id", "department_id", "course_level", "type", "days", "start_time", "end_time", "is_online", "final_id", "cancelled", "num_enrolled", "capacity", "waitlist", "building_code", "room") VALUES (8, 'Introduction to Programming', '31', 1, 0.0, 36057, 0, 1, 4, 'lower', 'Lab', 'MWF', '2026-09-28T15:00:00.000Z', '2026-09-28T15:50:00.000Z', 0, 1, 0, 0, 44, 0, 'ICS', '189');
INSERT INTO "course" ("course_id", "course_name", "course_number", "difficulty_score", "estimated_hours_per_week", "course_code", "credits", "category_id", "department_id", "course_level", "type", "days", "start_time", "end_time", "is_online", "final_id", "cancelled", "num_enrolled", "capacity", "waitlist", "building_code", "room") VALUES (9, 'Programming with Software Libraries', '32', 1, 6.0, 36081, 4, 4, 4, 'lower', 'Lec', 'MW', '2026-09-28T16:00:00.000Z', '2026-09-28T16:50:00.000Z', 0, 4, 0, 17, 165, 0, 'PCB', '1100');
INSERT INTO "course" ("course_id", "course_name", "course_number", "difficulty_score", "estimated_hours_per_week", "course_code", "credits", "category_id", "department_id", "course_level", "type", "days", "start_time", "end_time", "is_online", "final_id", "cancelled", "num_enrolled", "capacity", "waitlist", "building_code", "room") VALUES (10, 'Programming with Software Libraries', '32', 1, 0.0, 36082, 0, 1, 4, 'lower', 'Lab', 'MW', '2026-09-28T17:00:00.000Z', '2026-09-28T17:50:00.000Z', 0, 1, 0, 1, 33, 0, 'ICS', '192');
INSERT INTO "course" ("course_id", "course_name", "course_number", "difficulty_score", "estimated_hours_per_week", "course_code", "credits", "category_id", "department_id", "course_level", "type", "days", "start_time", "end_time", "is_online", "final_id", "cancelled", "num_enrolled", "capacity", "waitlist", "building_code", "room") VALUES (11, 'Python Programming & Libraries (Accelerated)', 'H32', 2, 6.0, 36090, 4, 4, 4, 'lower', 'Lec', 'TuTh', '2026-09-29T18:00:00.000Z', '2026-09-29T18:50:00.000Z', 0, 4, 0, 0, 347, 0, 'BS3', '1200');
INSERT INTO "course" ("course_id", "course_name", "course_number", "difficulty_score", "estimated_hours_per_week", "course_code", "credits", "category_id", "department_id", "course_level", "type", "days", "start_time", "end_time", "is_online", "final_id", "cancelled", "num_enrolled", "capacity", "waitlist", "building_code", "room") VALUES (12, 'Python Programming & Libraries (Accelerated)', 'H32', 2, 0.0, 36097, 0, 4, 4, 'lower', 'Lab', 'W', '2026-09-30T08:00:00.000Z', '2026-09-30T08:50:00.000Z', 0, 1, 0, 0, 49, 0, 'ICS', '364');
INSERT INTO "course" ("course_id", "course_name", "course_number", "difficulty_score", "estimated_hours_per_week", "course_code", "credits", "category_id", "department_id", "course_level", "type", "days", "start_time", "end_time", "is_online", "final_id", "cancelled", "num_enrolled", "capacity", "waitlist", "building_code", "room") VALUES (13, 'Intermediate Programming', 'H33', 2, 6.0, 36100, 4, 4, 4, 'lower', 'Lec', 'TuTh', '2026-09-29T09:00:00.000Z', '2026-09-29T09:50:00.000Z', 0, 5, 0, 48, 224, 0, 'BS3', '1200');
INSERT INTO "course" ("course_id", "course_name", "course_number", "difficulty_score", "estimated_hours_per_week", "course_code", "credits", "category_id", "department_id", "course_level", "type", "days", "start_time", "end_time", "is_online", "final_id", "cancelled", "num_enrolled", "capacity", "waitlist", "building_code", "room") VALUES (14, 'Intermediate Programming', 'H33', 2, 0.0, 36103, 0, 1, 4, 'lower', 'Lab', 'Th', '2026-10-01T10:00:00.000Z', '2026-10-01T10:50:00.000Z', 0, 1, 0, 4, 56, 0, 'ICS', '364');
INSERT INTO "course" ("course_id", "course_name", "course_number", "difficulty_score", "estimated_hours_per_week", "course_code", "credits", "category_id", "department_id", "course_level", "type", "days", "start_time", "end_time", "is_online", "final_id", "cancelled", "num_enrolled", "capacity", "waitlist", "building_code", "room") VALUES (15, 'Boolean Logic & Discrete Structures', '6B', 1, 6.0, 35920, 4, 8, 4, 'lower', 'Lec', 'MWF', '2026-09-28T11:00:00.000Z', '2026-09-28T11:50:00.000Z', 0, 6, 0, 39, 300, 0, 'EH', '1200');
INSERT INTO "course" ("course_id", "course_name", "course_number", "difficulty_score", "estimated_hours_per_week", "course_code", "credits", "category_id", "department_id", "course_level", "type", "days", "start_time", "end_time", "is_online", "final_id", "cancelled", "num_enrolled", "capacity", "waitlist", "building_code", "room") VALUES (16, 'Boolean Logic & Discrete Structures', '6B', 1, 0.0, 35931, 0, 1, 4, 'lower', 'Dis', 'W', '2026-09-30T12:00:00.000Z', '2026-09-30T12:50:00.000Z', 0, 1, 0, 29, 300, 0, 'BS3', '1200');
INSERT INTO "course" ("course_id", "course_name", "course_number", "difficulty_score", "estimated_hours_per_week", "course_code", "credits", "category_id", "department_id", "course_level", "type", "days", "start_time", "end_time", "is_online", "final_id", "cancelled", "num_enrolled", "capacity", "waitlist", "building_code", "room") VALUES (17, 'Discrete Mathematics for Computer Science', '6D', 1, 6.0, 35950, 4, 8, 4, 'lower', 'Lec', 'TuTh', '2026-09-29T13:00:00.000Z', '2026-09-29T13:50:00.000Z', 0, 3, 0, 132, 325, 0, 'EH', '1200');
INSERT INTO "course" ("course_id", "course_name", "course_number", "difficulty_score", "estimated_hours_per_week", "course_code", "credits", "category_id", "department_id", "course_level", "type", "days", "start_time", "end_time", "is_online", "final_id", "cancelled", "num_enrolled", "capacity", "waitlist", "building_code", "room") VALUES (18, 'Discrete Mathematics for Computer Science', '6D', 1, 0.0, 35951, 0, 1, 4, 'lower', 'Dis', 'F', '2026-10-02T14:00:00.000Z', '2026-10-02T14:50:00.000Z', 0, 1, 0, 132, 325, 0, 'HIB', '100');
INSERT INTO "course" ("course_id", "course_name", "course_number", "difficulty_score", "estimated_hours_per_week", "course_code", "credits", "category_id", "department_id", "course_level", "type", "days", "start_time", "end_time", "is_online", "final_id", "cancelled", "num_enrolled", "capacity", "waitlist", "building_code", "room") VALUES (19, 'Fundamentals of Spanish', '1A', 1, 7.5, 31310, 5, 1, 10, 'lower', 'Lec', 'TuWTh', '2026-09-29T15:00:00.000Z', '2026-09-29T15:50:00.000Z', 0, 7, 0, 17, 23, 0, 'HH', '108');
INSERT INTO "course" ("course_id", "course_name", "course_number", "difficulty_score", "estimated_hours_per_week", "course_code", "credits", "category_id", "department_id", "course_level", "type", "days", "start_time", "end_time", "is_online", "final_id", "cancelled", "num_enrolled", "capacity", "waitlist", "building_code", "room") VALUES (20, 'Fundamentals of Spanish', '1B', 1, 7.5, 31320, 5, 1, 10, 'lower', 'Lec', 'TuWTh', '2026-09-29T16:00:00.000Z', '2026-09-29T16:50:00.000Z', 0, 7, 0, 22, 23, 0, 'HH', '108');
INSERT INTO "course" ("course_id", "course_name", "course_number", "difficulty_score", "estimated_hours_per_week", "course_code", "credits", "category_id", "department_id", "course_level", "type", "days", "start_time", "end_time", "is_online", "final_id", "cancelled", "num_enrolled", "capacity", "waitlist", "building_code", "room") VALUES (21, 'Fundamentals of Spanish', '1C', 1, 7.5, 31330, 5, 9, 10, 'lower', 'Lec', 'TuWTh', '2026-09-29T17:00:00.000Z', '2026-09-29T17:50:00.000Z', 0, 7, 0, 22, 23, 0, 'HH', '342');
INSERT INTO "course" ("course_id", "course_name", "course_number", "difficulty_score", "estimated_hours_per_week", "course_code", "credits", "category_id", "department_id", "course_level", "type", "days", "start_time", "end_time", "is_online", "final_id", "cancelled", "num_enrolled", "capacity", "waitlist", "building_code", "room") VALUES (22, 'General Chemistry', '1A', 3, 6.0, 40000, 4, 7, 3, 'lower', 'Lec', 'TuTh', '2026-09-29T18:00:00.000Z', '2026-09-29T18:50:00.000Z', 0, 8, 0, 0, 448, 0, 'PSLH', '100');
INSERT INTO "course" ("course_id", "course_name", "course_number", "difficulty_score", "estimated_hours_per_week", "course_code", "credits", "category_id", "department_id", "course_level", "type", "days", "start_time", "end_time", "is_online", "final_id", "cancelled", "num_enrolled", "capacity", "waitlist", "building_code", "room") VALUES (23, 'General Chemistry', '1A', 3, 0.0, 40004, 0, 1, 3, 'lower', 'Dis', 'Tu', '2026-09-29T08:00:00.000Z', '2026-09-29T08:50:00.000Z', 0, 1, 0, 0, 47, 0, 'HICF', '100M');
INSERT INTO "course" ("course_id", "course_name", "course_number", "difficulty_score", "estimated_hours_per_week", "course_code", "credits", "category_id", "department_id", "course_level", "type", "days", "start_time", "end_time", "is_online", "final_id", "cancelled", "num_enrolled", "capacity", "waitlist", "building_code", "room") VALUES (24, 'Classical Mythology: The Heroes', '45B', 1, 6.0, 22320, 4, 6, 7, 'lower', 'Lec', 'TuTh', '2026-09-29T09:00:00.000Z', '2026-09-29T09:50:00.000Z', 1, 1, 0, 171, 180, 0, NULL, NULL);
INSERT INTO "course" ("course_id", "course_name", "course_number", "difficulty_score", "estimated_hours_per_week", "course_code", "credits", "category_id", "department_id", "course_level", "type", "days", "start_time", "end_time", "is_online", "final_id", "cancelled", "num_enrolled", "capacity", "waitlist", "building_code", "room") VALUES (25, 'Introduction to Law', '71A', 2, 6.0, 67170, 4, 5, 5, 'lower', 'Lec', 'MWF', '2026-09-29T10:00:00.000Z', '2026-09-29T10:50:00.000Z', 1, 1, 0, 52, 240, 0, NULL, NULL);
INSERT INTO "course" ("course_id", "course_name", "course_number", "difficulty_score", "estimated_hours_per_week", "course_code", "credits", "category_id", "department_id", "course_level", "type", "days", "start_time", "end_time", "is_online", "final_id", "cancelled", "num_enrolled", "capacity", "waitlist", "building_code", "room") VALUES (26, 'Critical Writing on Information Technology', '139W', 2, 6.0, 36250, 4, 2, 4, 'upper', 'Lec', 'WF', '2026-09-29T11:00:00.000Z', '2026-09-29T11:50:00.000Z', 1, 1, 0, 50, 100, 0, NULL, NULL);
INSERT INTO "course" ("course_id", "course_name", "course_number", "difficulty_score", "estimated_hours_per_week", "course_code", "credits", "category_id", "department_id", "course_level", "type", "days", "start_time", "end_time", "is_online", "final_id", "cancelled", "num_enrolled", "capacity", "waitlist", "building_code", "room") VALUES (27, 'Critical Writing on Information Technology', '139W', 2, 0.0, 36251, 0, 1, 4, 'upper', 'Dis', 'M', '2026-09-29T12:00:00.000Z', '2026-09-29T12:50:00.000Z', 1, 1, 0, 13, 25, 0, NULL, NULL);
INSERT INTO "course" ("course_id", "course_name", "course_number", "difficulty_score", "estimated_hours_per_week", "course_code", "credits", "category_id", "department_id", "course_level", "type", "days", "start_time", "end_time", "is_online", "final_id", "cancelled", "num_enrolled", "capacity", "waitlist", "building_code", "room") VALUES (28, 'Human Computer Interaction', '131', 2, 6.0, 36460, 4, 1, 12, 'upper', 'Lec', 'TuTh', '2026-09-29T13:00:00.000Z', '2026-09-29T13:50:00.000Z', 0, 9, 0, 203, 325, 0, 'EH', '1200');
INSERT INTO "course" ("course_id", "course_name", "course_number", "difficulty_score", "estimated_hours_per_week", "course_code", "credits", "category_id", "department_id", "course_level", "type", "days", "start_time", "end_time", "is_online", "final_id", "cancelled", "num_enrolled", "capacity", "waitlist", "building_code", "room") VALUES (29, 'Human Computer Interaction', '131', 2, 0.0, 36352, 0, 1, 12, 'upper', 'Dis', 'F', '2026-10-02T14:00:00.000Z', '2026-10-02T14:50:00.000Z', 0, 1, 0, 30, 65, 0, 'ALP', '1700');
INSERT INTO "course" ("course_id", "course_name", "course_number", "difficulty_score", "estimated_hours_per_week", "course_code", "credits", "category_id", "department_id", "course_level", "type", "days", "start_time", "end_time", "is_online", "final_id", "cancelled", "num_enrolled", "capacity", "waitlist", "building_code", "room") VALUES (30, 'Intro to Health Informatics', '171', 1, 6.0, 36400, 4, 1, 12, 'upper', 'Lec', 'MW', '2026-09-28T15:00:00.000Z', '2026-09-28T15:50:00.000Z', 0, 1, 0, 174, 246, 0, 'PCB', '1100');
INSERT INTO "course" ("course_id", "course_name", "course_number", "difficulty_score", "estimated_hours_per_week", "course_code", "credits", "category_id", "department_id", "course_level", "type", "days", "start_time", "end_time", "is_online", "final_id", "cancelled", "num_enrolled", "capacity", "waitlist", "building_code", "room") VALUES (31, 'Programming in C/C++ as a Second Language', '45C', 3, 6.0, 35770, 4, 1, 4, 'lower', 'Lec', 'MWF', '2026-09-28T16:00:00.000Z', '2026-09-28T16:50:00.000Z', 0, 1, 0, 152, 160, 0, 'PCB', '1200');
INSERT INTO "course" ("course_id", "course_name", "course_number", "difficulty_score", "estimated_hours_per_week", "course_code", "credits", "category_id", "department_id", "course_level", "type", "days", "start_time", "end_time", "is_online", "final_id", "cancelled", "num_enrolled", "capacity", "waitlist", "building_code", "room") VALUES (32, 'Programming in Java as a Second Language', '45J', 3, 6.0, 36150, 4, 1, 4, 'lower', 'Lec', 'TuWTh', '2026-09-29T17:00:00.000Z', '2026-09-29T17:50:00.000Z', 0, 4, 0, 204, 210, 0, 'ICS', '320');
INSERT INTO "course" ("course_id", "course_name", "course_number", "difficulty_score", "estimated_hours_per_week", "course_code", "credits", "category_id", "department_id", "course_level", "type", "days", "start_time", "end_time", "is_online", "final_id", "cancelled", "num_enrolled", "capacity", "waitlist", "building_code", "room") VALUES (33, 'Data Structure Implementation and Analysis', '46', 3, 6.0, 36160, 4, 1, 4, 'lower', 'Lec', 'MWF', '2026-09-28T18:00:00.000Z', '2026-09-28T18:50:00.000Z', 0, 1, 0, 225, 250, 0, 'ICS', '451');
INSERT INTO "course" ("course_id", "course_name", "course_number", "difficulty_score", "estimated_hours_per_week", "course_code", "credits", "category_id", "department_id", "course_level", "type", "days", "start_time", "end_time", "is_online", "final_id", "cancelled", "num_enrolled", "capacity", "waitlist", "building_code", "room") VALUES (34, 'Introductory Computer Organization', '51', 2, 9.0, 36180, 6, 1, 4, 'lower', 'Lec', 'TuTh', '2026-09-30T08:00:00.000Z', '2026-09-30T08:50:00.000Z', 0, 5, 0, 150, 165, 0, 'ICS', '415');
INSERT INTO "course" ("course_id", "course_name", "course_number", "difficulty_score", "estimated_hours_per_week", "course_code", "credits", "category_id", "department_id", "course_level", "type", "days", "start_time", "end_time", "is_online", "final_id", "cancelled", "num_enrolled", "capacity", "waitlist", "building_code", "room") VALUES (35, 'Introduction to Software Engineering', '43', 2, 6.0, 36350, 4, 1, 12, 'lower', 'Lec', 'MWF', '2026-09-29T09:00:00.000Z', '2026-09-29T09:50:00.000Z', 0, 3, 0, 102, 125, 0, 'ICS', '1202');
INSERT INTO "course" ("course_id", "course_name", "course_number", "difficulty_score", "estimated_hours_per_week", "course_code", "credits", "category_id", "department_id", "course_level", "type", "days", "start_time", "end_time", "is_online", "final_id", "cancelled", "num_enrolled", "capacity", "waitlist", "building_code", "room") VALUES (36, 'Introduction to Linear Algebra', '3A', 2, 6.0, 44340, 4, 1, 9, 'lower', 'Lec', 'TuTh', '2026-09-29T10:00:00.000Z', '2026-09-29T10:50:00.000Z', 0, 4, 0, 163, 200, 0, 'ALP', '140');
INSERT INTO "course" ("course_id", "course_name", "course_number", "difficulty_score", "estimated_hours_per_week", "course_code", "credits", "category_id", "department_id", "course_level", "type", "days", "start_time", "end_time", "is_online", "final_id", "cancelled", "num_enrolled", "capacity", "waitlist", "building_code", "room") VALUES (37, 'Computational Linear Algebra', '6N', 3, 6.0, 35660, 4, 1, 4, 'lower', 'Lec', 'TuTh', '2026-09-28T11:00:00.000Z', '2026-09-28T11:50:00.000Z', 0, 8, 0, 10, 10, 0, 'ICS', '121');
INSERT INTO "course" ("course_id", "course_name", "course_number", "difficulty_score", "estimated_hours_per_week", "course_code", "credits", "category_id", "department_id", "course_level", "type", "days", "start_time", "end_time", "is_online", "final_id", "cancelled", "num_enrolled", "capacity", "waitlist", "building_code", "room") VALUES (38, 'Introduction to Probability and Statistics for Computer Science', '67', 2, 6.0, 37180, 4, 1, 8, 'lower', 'Lec', 'MWF', '2026-09-29T12:00:00.000Z', '2026-09-29T12:50:00.000Z', 0, 6, 0, 75, 80, 0, 'EH', '565');
INSERT INTO "course" ("course_id", "course_name", "course_number", "difficulty_score", "estimated_hours_per_week", "course_code", "credits", "category_id", "department_id", "course_level", "type", "days", "start_time", "end_time", "is_online", "final_id", "cancelled", "num_enrolled", "capacity", "waitlist", "building_code", "room") VALUES (39, 'Introduction to Data Management', '122A', 2, 6.0, 34050, 4, 1, 13, 'upper', 'Lec', 'TuTh', '2026-09-28T13:00:00.000Z', '2026-09-28T13:50:00.000Z', 0, 8, 0, 145, 150, 0, 'ICS', '445');
INSERT INTO "course" ("course_id", "course_name", "course_number", "difficulty_score", "estimated_hours_per_week", "course_code", "credits", "category_id", "department_id", "course_level", "type", "days", "start_time", "end_time", "is_online", "final_id", "cancelled", "num_enrolled", "capacity", "waitlist", "building_code", "room") VALUES (40, 'Principles of Operating Systems', '143A', 3, 6.0, 34160, 4, 1, 13, 'upper', 'Lec', 'MWF', '2026-09-29T14:00:00.000Z', '2026-09-29T14:50:00.000Z', 0, 9, 0, 194, 200, 0, 'ICS', '147');
INSERT INTO "course" ("course_id", "course_name", "course_number", "difficulty_score", "estimated_hours_per_week", "course_code", "credits", "category_id", "department_id", "course_level", "type", "days", "start_time", "end_time", "is_online", "final_id", "cancelled", "num_enrolled", "capacity", "waitlist", "building_code", "room") VALUES (41, 'Computer Networks', '132', 4, 6.0, 34110, 4, 1, 13, 'upper', 'Lec', 'TuWTh', '2026-09-29T15:00:00.000Z', '2026-09-29T15:50:00.000Z', 0, 6, 0, 65, 75, 0, 'ICS', '045');
INSERT INTO "course" ("course_id", "course_name", "course_number", "difficulty_score", "estimated_hours_per_week", "course_code", "credits", "category_id", "department_id", "course_level", "type", "days", "start_time", "end_time", "is_online", "final_id", "cancelled", "num_enrolled", "capacity", "waitlist", "building_code", "room") VALUES (42, 'Design and Analysis of Algorithms', '161', 4, 6.0, 34250, 4, 1, 13, 'upper', 'Lec', 'MWF', '2026-09-28T16:00:00.000Z', '2026-09-28T16:50:00.000Z', 0, 4, 0, 155, 160, 0, 'ICS', '85');
INSERT INTO "course" ("course_id", "course_name", "course_number", "difficulty_score", "estimated_hours_per_week", "course_code", "credits", "category_id", "department_id", "course_level", "type", "days", "start_time", "end_time", "is_online", "final_id", "cancelled", "num_enrolled", "capacity", "waitlist", "building_code", "room") VALUES (43, 'Concepts in Programming Languages I', '141', 2, 6.0, 34120, 4, 1, 13, 'upper', 'Lec', 'TuWTh', '2026-09-29T17:00:00.000Z', '2026-09-29T17:50:00.000Z', 0, 5, 0, 85, 100, 0, 'ICS', '125');
INSERT INTO "course" ("course_id", "course_name", "course_number", "difficulty_score", "estimated_hours_per_week", "course_code", "credits", "category_id", "department_id", "course_level", "type", "days", "start_time", "end_time", "is_online", "final_id", "cancelled", "num_enrolled", "capacity", "waitlist", "building_code", "room") VALUES (44, 'Requirements Analysis and Engineering', '113', 2, 6.0, 36410, 4, 1, 12, 'upper', 'Lec', 'MWF', '2026-09-28T18:00:00.000Z', '2026-09-28T18:50:00.000Z', 0, 7, 0, 194, 200, 0, 'ICS', '147');
INSERT INTO "course" ("course_id", "course_name", "course_number", "difficulty_score", "estimated_hours_per_week", "course_code", "credits", "category_id", "department_id", "course_level", "type", "days", "start_time", "end_time", "is_online", "final_id", "cancelled", "num_enrolled", "capacity", "waitlist", "building_code", "room") VALUES (45, 'Software Testing, Analysis, and Quality Assurance', '115', 2, 6.0, 36420, 4, 1, 12, 'upper', 'Lec', 'MWF', '2026-09-28T08:00:00.000Z', '2026-09-28T08:50:00.000Z', 0, 7, 0, 246, 250, 0, 'ICS', '742');
INSERT INTO "course" ("course_id", "course_name", "course_number", "difficulty_score", "estimated_hours_per_week", "course_code", "credits", "category_id", "department_id", "course_level", "type", "days", "start_time", "end_time", "is_online", "final_id", "cancelled", "num_enrolled", "capacity", "waitlist", "building_code", "room") VALUES (46, 'Software Design: Applications', '121', 3, 6.0, 36440, 4, 1, 12, 'upper', 'Lec', 'TuTh', '2026-09-29T09:00:00.000Z', '2026-09-29T09:50:00.000Z', 0, 8, 0, 144, 150, 0, 'ICS', '58');
INSERT INTO "course" ("course_id", "course_name", "course_number", "difficulty_score", "estimated_hours_per_week", "course_code", "credits", "category_id", "department_id", "course_level", "type", "days", "start_time", "end_time", "is_online", "final_id", "cancelled", "num_enrolled", "capacity", "waitlist", "building_code", "room") VALUES (47, 'Software Design: Structure and Implementation', '122', 3, 6.0, 38102, 4, 1, 12, 'upper', 'Lec', 'TuTh', '2026-09-29T10:00:00.000Z', '2026-09-29T10:50:00.000Z', 0, 5, 0, 123, 130, 0, 'ICS', '255');
INSERT INTO "course" ("course_id", "course_name", "course_number", "difficulty_score", "estimated_hours_per_week", "course_code", "credits", "category_id", "department_id", "course_level", "type", "days", "start_time", "end_time", "is_online", "final_id", "cancelled", "num_enrolled", "capacity", "waitlist", "building_code", "room") VALUES (48, 'Internet Applications Engineering', '124', 4, 6.0, 36080, 4, 1, 12, 'upper', 'Lec', 'MWF', '2026-09-28T11:00:00.000Z', '2026-09-28T11:50:00.000Z', 0, 4, 0, 11, 100, 0, 'ICS', '025');
INSERT INTO "course" ("course_id", "course_name", "course_number", "difficulty_score", "estimated_hours_per_week", "course_code", "credits", "category_id", "department_id", "course_level", "type", "days", "start_time", "end_time", "is_online", "final_id", "cancelled", "num_enrolled", "capacity", "waitlist", "building_code", "room") VALUES (49, 'Project Management', '151', 2, 6.0, 36188, 4, 1, 12, 'upper', 'Lec', 'MWF', '2026-09-28T12:00:00.000Z', '2026-09-28T12:50:00.000Z', 0, 2, 0, 115, 120, 0, 'ICS', '225');
INSERT INTO "course" ("course_id", "course_name", "course_number", "difficulty_score", "estimated_hours_per_week", "course_code", "credits", "category_id", "department_id", "course_level", "type", "days", "start_time", "end_time", "is_online", "final_id", "cancelled", "num_enrolled", "capacity", "waitlist", "building_code", "room") VALUES (50, 'Senior Design Project', '191A', 5, 6.0, 36570, 4, 1, 12, 'upper', 'Lec', 'MWF', '2026-09-28T13:00:00.000Z', '2026-09-28T13:50:00.000Z', 0, 3, 0, 72, 100, 0, 'ICS', '558');
INSERT INTO "course" ("course_id", "course_name", "course_number", "difficulty_score", "estimated_hours_per_week", "course_code", "credits", "category_id", "department_id", "course_level", "type", "days", "start_time", "end_time", "is_online", "final_id", "cancelled", "num_enrolled", "capacity", "waitlist", "building_code", "room") VALUES (51, 'Senior Design Project', '191B', 5, 6.0, 36360, 4, 1, 12, 'upper', 'Lec', 'TuTh', '2026-09-29T14:00:00.000Z', '2026-09-29T14:50:00.000Z', 0, 8, 0, 70, 100, 0, 'ICS', '447');
INSERT INTO "course" ("course_id", "course_name", "course_number", "difficulty_score", "estimated_hours_per_week", "course_code", "credits", "category_id", "department_id", "course_level", "type", "days", "start_time", "end_time", "is_online", "final_id", "cancelled", "num_enrolled", "capacity", "waitlist", "building_code", "room") VALUES (52, 'Project in Software System Design', '117', 5, 6.0, 36050, 4, 1, 12, 'upper', 'Lec', 'TuTh', '2026-09-29T15:00:00.000Z', '2026-09-29T15:50:00.000Z', 0, 8, 0, 72, 75, 0, 'ICS', '458');
INSERT INTO "course" ("course_id", "course_name", "course_number", "difficulty_score", "estimated_hours_per_week", "course_code", "credits", "category_id", "department_id", "course_level", "type", "days", "start_time", "end_time", "is_online", "final_id", "cancelled", "num_enrolled", "capacity", "waitlist", "building_code", "room") VALUES (53, 'User Interaction Software', '133', 4, 6.0, 36470, 4, 1, 12, 'upper', 'Lec', 'MWF', '2026-09-28T16:00:00.000Z', '2026-09-28T16:50:00.000Z', 0, 3, 0, 192, 200, 0, 'EH', '457');
INSERT INTO "course" ("course_id", "course_name", "course_number", "difficulty_score", "estimated_hours_per_week", "course_code", "credits", "category_id", "department_id", "course_level", "type", "days", "start_time", "end_time", "is_online", "final_id", "cancelled", "num_enrolled", "capacity", "waitlist", "building_code", "room") VALUES (54, 'Advanced Topics in User Interface Software', '134', 4, 6.0, 36130, 4, 1, 12, 'upper', 'Lec', 'MWF', '2026-09-28T17:00:00.000Z', '2026-09-28T17:50:00.000Z', 0, 2, 0, 74, 75, 0, 'ICS', '781');
INSERT INTO "course" ("course_id", "course_name", "course_number", "difficulty_score", "estimated_hours_per_week", "course_code", "credits", "category_id", "department_id", "course_level", "type", "days", "start_time", "end_time", "is_online", "final_id", "cancelled", "num_enrolled", "capacity", "waitlist", "building_code", "room") VALUES (55, 'Computer Game Development', '113', 5, 6.0, 37204, 4, 1, 13, 'upper', 'Lec', 'TuThF', '2026-09-29T18:00:00.000Z', '2026-09-29T18:50:00.000Z', 0, 6, 0, 21, 100, 0, 'ICS', '578');
INSERT INTO "course" ("course_id", "course_name", "course_number", "difficulty_score", "estimated_hours_per_week", "course_code", "credits", "category_id", "department_id", "course_level", "type", "days", "start_time", "end_time", "is_online", "final_id", "cancelled", "num_enrolled", "capacity", "waitlist", "building_code", "room") VALUES (56, 'Projects in Advanced 3D Computer Graphics', '114', 5, 6.0, 36119, 4, 1, 13, 'upper', 'Lec', 'MWF', '2026-09-28T08:00:00.000Z', '2026-09-28T08:50:00.000Z', 0, 9, 0, 15, 25, 0, 'ICS', '697');
INSERT INTO "course" ("course_id", "course_name", "course_number", "difficulty_score", "estimated_hours_per_week", "course_code", "credits", "category_id", "department_id", "course_level", "type", "days", "start_time", "end_time", "is_online", "final_id", "cancelled", "num_enrolled", "capacity", "waitlist", "building_code", "room") VALUES (57, 'Project in Computer Vision', '117', 5, 6.0, 34020, 4, 1, 13, 'upper', 'Lec', 'TuThF', '2026-09-29T09:00:00.000Z', '2026-09-29T09:50:00.000Z', 0, 4, 0, 78, 100, 0, 'ICS', '014');
INSERT INTO "course" ("course_id", "course_name", "course_number", "difficulty_score", "estimated_hours_per_week", "course_code", "credits", "category_id", "department_id", "course_level", "type", "days", "start_time", "end_time", "is_online", "final_id", "cancelled", "num_enrolled", "capacity", "waitlist", "building_code", "room") VALUES (58, 'Introduction to Virtual Reality', '118', 4, 6.0, 34030, 4, 1, 13, 'upper', 'Lec', 'MTuTh', '2026-09-29T10:00:00.000Z', '2026-09-29T10:50:00.000Z', 0, 6, 0, 50, 50, 0, 'ICS', '045');
INSERT INTO "course" ("course_id", "course_name", "course_number", "difficulty_score", "estimated_hours_per_week", "course_code", "credits", "category_id", "department_id", "course_level", "type", "days", "start_time", "end_time", "is_online", "final_id", "cancelled", "num_enrolled", "capacity", "waitlist", "building_code", "room") VALUES (59, 'Project in Databases and Web Applications', '122B', 5, 6.0, 34070, 4, 1, 13, 'upper', 'Lec', 'MWF', '2026-09-28T11:00:00.000Z', '2026-09-28T11:50:00.000Z', 0, 3, 0, 110, 110, 0, 'ICS', '023');
INSERT INTO "course" ("course_id", "course_name", "course_number", "difficulty_score", "estimated_hours_per_week", "course_code", "credits", "category_id", "department_id", "course_level", "type", "days", "start_time", "end_time", "is_online", "final_id", "cancelled", "num_enrolled", "capacity", "waitlist", "building_code", "room") VALUES (60, 'Principles of Data Management', '122C', 4, 6.0, 34080, 4, 1, 13, 'upper', 'Lec', 'MWTh', '2026-09-29T12:00:00.000Z', '2026-09-29T12:50:00.000Z', 0, 9, 0, 45, 50, 0, 'ICS', '057');
INSERT INTO "course" ("course_id", "course_name", "course_number", "difficulty_score", "estimated_hours_per_week", "course_code", "credits", "category_id", "department_id", "course_level", "type", "days", "start_time", "end_time", "is_online", "final_id", "cancelled", "num_enrolled", "capacity", "waitlist", "building_code", "room") VALUES (61, 'Beyond SQL Data Management', '122D', 5, 6.0, 38152, 4, 1, 13, 'upper', 'Lec', 'MWTh', '2026-09-29T13:00:00.000Z', '2026-09-29T13:50:00.000Z', 0, 7, 0, 45, 45, 0, 'ICS', '455');
INSERT INTO "course" ("course_id", "course_name", "course_number", "difficulty_score", "estimated_hours_per_week", "course_code", "credits", "category_id", "department_id", "course_level", "type", "days", "start_time", "end_time", "is_online", "final_id", "cancelled", "num_enrolled", "capacity", "waitlist", "building_code", "room") VALUES (62, 'Next Generation Search Systems', '125', 4, 6.0, 38447, 4, 1, 13, 'upper', 'Lec', 'MTuW', '2026-09-29T14:00:00.000Z', '2026-09-29T14:50:00.000Z', 0, 8, 0, 12, 100, 0, 'ICS', '102');
INSERT INTO "course" ("course_id", "course_name", "course_number", "difficulty_score", "estimated_hours_per_week", "course_code", "credits", "category_id", "department_id", "course_level", "type", "days", "start_time", "end_time", "is_online", "final_id", "cancelled", "num_enrolled", "capacity", "waitlist", "building_code", "room") VALUES (63, 'Advanced Computer Networks', '133', 5, 6.0, 34122, 4, 1, 13, 'upper', 'Lec', 'MWF', '2026-09-28T15:00:00.000Z', '2026-09-28T15:50:00.000Z', 0, 2, 0, 154, 175, 0, 'ICS', '410');
INSERT INTO "course" ("course_id", "course_name", "course_number", "difficulty_score", "estimated_hours_per_week", "course_code", "credits", "category_id", "department_id", "course_level", "type", "days", "start_time", "end_time", "is_online", "final_id", "cancelled", "num_enrolled", "capacity", "waitlist", "building_code", "room") VALUES (64, 'Project in Compilers and Interpreters', '142B', 5, 6.0, 39145, 4, 1, 13, 'upper', 'Lec', 'TuTh', '2026-09-29T16:00:00.000Z', '2026-09-29T16:50:00.000Z', 0, 7, 0, 125, 125, 0, 'ICS', '105');
INSERT INTO "course" ("course_id", "course_name", "course_number", "difficulty_score", "estimated_hours_per_week", "course_code", "credits", "category_id", "department_id", "course_level", "type", "days", "start_time", "end_time", "is_online", "final_id", "cancelled", "num_enrolled", "capacity", "waitlist", "building_code", "room") VALUES (65, 'Project in Operating System Organization', '143B', 5, 6.0, 34170, 4, 1, 13, 'upper', 'Lec', 'TuTh', '2026-09-29T17:00:00.000Z', '2026-09-29T17:50:00.000Z', 0, 5, 0, 142, 150, 0, 'ICS', '114');
INSERT INTO "course" ("course_id", "course_name", "course_number", "difficulty_score", "estimated_hours_per_week", "course_code", "credits", "category_id", "department_id", "course_level", "type", "days", "start_time", "end_time", "is_online", "final_id", "cancelled", "num_enrolled", "capacity", "waitlist", "building_code", "room") VALUES (66, 'Embedded Software', '145', 5, 6.0, 34180, 4, 1, 13, 'upper', 'Lec', 'MTuTh', '2026-09-29T18:00:00.000Z', '2026-09-29T18:50:00.000Z', 0, 2, 0, 84, 85, 0, 'ICS', '032');
INSERT INTO "course" ("course_id", "course_name", "course_number", "difficulty_score", "estimated_hours_per_week", "course_code", "credits", "category_id", "department_id", "course_level", "type", "days", "start_time", "end_time", "is_online", "final_id", "cancelled", "num_enrolled", "capacity", "waitlist", "building_code", "room") VALUES (67, 'Internet of Things (IoT) Software and Systems', '147', 5, 6.0, 34179, 4, 1, 13, 'upper', 'Lec', 'MWF', '2026-09-28T08:00:00.000Z', '2026-09-28T08:50:00.000Z', 0, 8, 0, 104, 120, 0, 'ICS', '078');
INSERT INTO "course" ("course_id", "course_name", "course_number", "difficulty_score", "estimated_hours_per_week", "course_code", "credits", "category_id", "department_id", "course_level", "type", "days", "start_time", "end_time", "is_online", "final_id", "cancelled", "num_enrolled", "capacity", "waitlist", "building_code", "room") VALUES (68, 'Computer Design Laboratory', '154', 5, 6.0, 37704, 4, 1, 13, 'upper', 'Lec', 'MTuW', '2026-09-28T09:00:00.000Z', '2026-09-28T09:50:00.000Z', 0, 2, 0, 98, 100, 0, 'ICS', '063');
INSERT INTO "course" ("course_id", "course_name", "course_number", "difficulty_score", "estimated_hours_per_week", "course_code", "credits", "category_id", "department_id", "course_level", "type", "days", "start_time", "end_time", "is_online", "final_id", "cancelled", "num_enrolled", "capacity", "waitlist", "building_code", "room") VALUES (69, 'Project in Algorithms and Data Structures', '165', 5, 6.0, 34280, 4, 1, 13, 'upper', 'Lec', 'MWF', '2026-09-28T10:00:00.000Z', '2026-09-28T10:50:00.000Z', 0, 4, 0, 136, 150, 0, 'ICS', '016');
INSERT INTO "course" ("course_id", "course_name", "course_number", "difficulty_score", "estimated_hours_per_week", "course_code", "credits", "category_id", "department_id", "course_level", "type", "days", "start_time", "end_time", "is_online", "final_id", "cancelled", "num_enrolled", "capacity", "waitlist", "building_code", "room") VALUES (70, 'Project in Artificial Intelligence', '175', 5, 6.0, 34320, 4, 1, 13, 'upper', 'Lec', 'TuTh', '2026-09-29T11:00:00.000Z', '2026-09-29T11:50:00.000Z', 0, 3, 0, 74, 75, 0, 'ICS', '096');
INSERT INTO "course" ("course_id", "course_name", "course_number", "difficulty_score", "estimated_hours_per_week", "course_code", "credits", "category_id", "department_id", "course_level", "type", "days", "start_time", "end_time", "is_online", "final_id", "cancelled", "num_enrolled", "capacity", "waitlist", "building_code", "room") VALUES (71, 'Project in Computer Science', '180A', 5, 6.0, 34340, 4, 1, 13, 'upper', 'Lec', 'MWF', '2026-09-28T12:00:00.000Z', '2026-09-28T12:50:00.000Z', 0, 9, 0, 74, 75, 0, 'ICS', '115');
INSERT INTO "course" ("course_id", "course_name", "course_number", "difficulty_score", "estimated_hours_per_week", "course_code", "credits", "category_id", "department_id", "course_level", "type", "days", "start_time", "end_time", "is_online", "final_id", "cancelled", "num_enrolled", "capacity", "waitlist", "building_code", "room") VALUES (72, 'Project in Computer Science', '180B', 5, 6.0, 34360, 4, 1, 13, 'upper', 'Lec', 'MWF', '2026-09-28T13:00:00.000Z', '2026-09-28T13:50:00.000Z', 0, 4, 0, 74, 75, 0, 'ICS', '119');
INSERT INTO "course" ("course_id", "course_name", "course_number", "difficulty_score", "estimated_hours_per_week", "course_code", "credits", "category_id", "department_id", "course_level", "type", "days", "start_time", "end_time", "is_online", "final_id", "cancelled", "num_enrolled", "capacity", "waitlist", "building_code", "room") VALUES (73, 'Project in Bioinformatics', '189', 5, 6.0, 34380, 4, 1, 13, 'upper', 'Lec', 'TuTh', '2026-09-29T14:00:00.000Z', '2026-09-29T14:50:00.000Z', 0, 1, 0, 40, 40, 0, 'ICS', '631');
INSERT INTO "course" ("course_id", "course_name", "course_number", "difficulty_score", "estimated_hours_per_week", "course_code", "credits", "category_id", "department_id", "course_level", "type", "days", "start_time", "end_time", "is_online", "final_id", "cancelled", "num_enrolled", "capacity", "waitlist", "building_code", "room") VALUES (74, 'Formal Languages and Automata', '162', 4, 6.0, 34270, 4, 1, 13, 'upper', 'Lec', 'MWF', '2026-09-28T15:00:00.000Z', '2026-09-28T15:50:00.000Z', 0, 8, 0, 324, 350, 0, 'ICS', '449');
INSERT INTO "course" ("course_id", "course_name", "course_number", "difficulty_score", "estimated_hours_per_week", "course_code", "credits", "category_id", "department_id", "course_level", "type", "days", "start_time", "end_time", "is_online", "final_id", "cancelled", "num_enrolled", "capacity", "waitlist", "building_code", "room") VALUES (75, 'Graph Algorithms', '163', 5, 6.0, 34240, 4, 1, 13, 'upper', 'Lec', 'MWF', '2026-09-28T16:00:00.000Z', '2026-09-28T16:50:00.000Z', 0, 2, 0, 115, 115, 0, 'EH', '442');
INSERT INTO "course" ("course_id", "course_name", "course_number", "difficulty_score", "estimated_hours_per_week", "course_code", "credits", "category_id", "department_id", "course_level", "type", "days", "start_time", "end_time", "is_online", "final_id", "cancelled", "num_enrolled", "capacity", "waitlist", "building_code", "room") VALUES (76, 'Computational Geometry', '164', 4, 6.0, 34210, 4, 1, 13, 'upper', 'Lec', 'TuTh', '2026-09-29T17:00:00.000Z', '2026-09-29T17:50:00.000Z', 0, 5, 0, 58, 58, 0, 'ALP', '554');
INSERT INTO "course" ("course_id", "course_name", "course_number", "difficulty_score", "estimated_hours_per_week", "course_code", "credits", "category_id", "department_id", "course_level", "type", "days", "start_time", "end_time", "is_online", "final_id", "cancelled", "num_enrolled", "capacity", "waitlist", "building_code", "room") VALUES (77, 'Quantum Computation and Information', '166', 4, 6.0, 34220, 4, 1, 13, 'upper', 'Lec', 'MWF', '2026-09-28T18:00:00.000Z', '2026-09-28T18:50:00.000Z', 0, 8, 0, 110, 125, 0, 'EH', '749');
INSERT INTO "course" ("course_id", "course_name", "course_number", "difficulty_score", "estimated_hours_per_week", "course_code", "credits", "category_id", "department_id", "course_level", "type", "days", "start_time", "end_time", "is_online", "final_id", "cancelled", "num_enrolled", "capacity", "waitlist", "building_code", "room") VALUES (78, 'Introduction to Applied Cryptography', '167', 5, 6.0, 34253, 4, 1, 13, 'upper', 'Lec', 'TuTh', '2026-09-29T08:00:00.000Z', '2026-09-29T08:50:00.000Z', 0, 5, 0, 32, 50, 0, 'ICS', '203');
INSERT INTO "course" ("course_id", "course_name", "course_number", "difficulty_score", "estimated_hours_per_week", "course_code", "credits", "category_id", "department_id", "course_level", "type", "days", "start_time", "end_time", "is_online", "final_id", "cancelled", "num_enrolled", "capacity", "waitlist", "building_code", "room") VALUES (79, 'Introduction to Optimization', '169', 3, 6.0, 39115, 4, 1, 13, 'upper', 'Lec', 'MTuW', '2026-09-28T09:00:00.000Z', '2026-09-28T09:50:00.000Z', 0, 2, 0, 19, 100, 0, 'ICS', '236');
INSERT INTO "course" ("course_id", "course_name", "course_number", "difficulty_score", "estimated_hours_per_week", "course_code", "credits", "category_id", "department_id", "course_level", "type", "days", "start_time", "end_time", "is_online", "final_id", "cancelled", "num_enrolled", "capacity", "waitlist", "building_code", "room") VALUES (80, 'Digital Logic Design', '151', 3, 6.0, 34200, 4, 1, 13, 'upper', 'Lec', 'TuTh', '2026-09-29T10:00:00.000Z', '2026-09-29T10:50:00.000Z', 0, 6, 0, 81, 100, 0, 'ICS', '012');
INSERT INTO "course" ("course_id", "course_name", "course_number", "difficulty_score", "estimated_hours_per_week", "course_code", "credits", "category_id", "department_id", "course_level", "type", "days", "start_time", "end_time", "is_online", "final_id", "cancelled", "num_enrolled", "capacity", "waitlist", "building_code", "room") VALUES (81, 'Computer Architecture', '152', 4, 6.0, 38564, 4, 1, 13, 'upper', 'Lec', 'MWF', '2026-09-28T11:00:00.000Z', '2026-09-28T11:50:00.000Z', 0, 9, 0, 55, 75, 0, 'ICS', '019');
INSERT INTO "course" ("course_id", "course_name", "course_number", "difficulty_score", "estimated_hours_per_week", "course_code", "credits", "category_id", "department_id", "course_level", "type", "days", "start_time", "end_time", "is_online", "final_id", "cancelled", "num_enrolled", "capacity", "waitlist", "building_code", "room") VALUES (82, 'Artificial Intelligence in Biology and Medicine', '184A', 5, 6.0, 34330, 4, 1, 13, 'upper', 'Lec', 'TuTh', '2026-09-29T12:00:00.000Z', '2026-09-29T12:50:00.000Z', 0, 3, 0, 76, 80, 0, 'ICS', '055');
INSERT INTO "course" ("course_id", "course_name", "course_number", "difficulty_score", "estimated_hours_per_week", "course_code", "credits", "category_id", "department_id", "course_level", "type", "days", "start_time", "end_time", "is_online", "final_id", "cancelled", "num_enrolled", "capacity", "waitlist", "building_code", "room") VALUES (83, 'Neural Networks and Deep Learning', '172B', 5, 6.0, 39112, 4, 1, 13, 'upper', 'Lec', 'MWF', '2026-09-28T13:00:00.000Z', '2026-09-28T13:50:00.000Z', 0, 7, 0, 74, 75, 0, 'ICS', '065');
INSERT INTO "course" ("course_id", "course_name", "course_number", "difficulty_score", "estimated_hours_per_week", "course_code", "credits", "category_id", "department_id", "course_level", "type", "days", "start_time", "end_time", "is_online", "final_id", "cancelled", "num_enrolled", "capacity", "waitlist", "building_code", "room") VALUES (84, 'Artificial Intelligence Frontiers: Technical, Ethical, and Societal', '172C', 2, 6.0, 39119, 4, 1, 13, 'upper', 'Lec', 'MWF', '2026-09-28T14:00:00.000Z', '2026-09-28T14:50:00.000Z', 0, 2, 0, 50, 50, 0, 'ICS', '041');
INSERT INTO "course" ("course_id", "course_name", "course_number", "difficulty_score", "estimated_hours_per_week", "course_code", "credits", "category_id", "department_id", "course_level", "type", "days", "start_time", "end_time", "is_online", "final_id", "cancelled", "num_enrolled", "capacity", "waitlist", "building_code", "room") VALUES (85, 'Machine Learning and Data-Mining', '178', 4, 6.0, 34344, 4, 1, 13, 'upper', 'Lec', 'MWF', '2026-09-28T15:00:00.000Z', '2026-09-28T15:50:00.000Z', 0, 6, 0, 257, 300, 0, 'ICS', '227');
INSERT INTO "course" ("course_id", "course_name", "course_number", "difficulty_score", "estimated_hours_per_week", "course_code", "credits", "category_id", "department_id", "course_level", "type", "days", "start_time", "end_time", "is_online", "final_id", "cancelled", "num_enrolled", "capacity", "waitlist", "building_code", "room") VALUES (86, 'Computational Systems Biology', '184C', 4, 6.0, 39221, 4, 1, 13, 'upper', 'Lec', 'TuTh', '2026-09-28T16:00:00.000Z', '2026-09-28T16:50:00.000Z', 0, 2, 0, 50, 50, 0, 'ICS', '366');
INSERT INTO "course" ("course_id", "course_name", "course_number", "difficulty_score", "estimated_hours_per_week", "course_code", "credits", "category_id", "department_id", "course_level", "type", "days", "start_time", "end_time", "is_online", "final_id", "cancelled", "num_enrolled", "capacity", "waitlist", "building_code", "room") VALUES (87, 'Information Retrieval', '121', 3, 6.0, 34040, 4, 1, 13, 'upper', 'Lec', 'TuTh', '2026-09-28T17:00:00.000Z', '2026-09-28T17:50:00.000Z', 0, 8, 0, 278, 300, 0, 'ICS', '544');
INSERT INTO "course" ("course_id", "course_name", "course_number", "difficulty_score", "estimated_hours_per_week", "course_code", "credits", "category_id", "department_id", "course_level", "type", "days", "start_time", "end_time", "is_online", "final_id", "cancelled", "num_enrolled", "capacity", "waitlist", "building_code", "room") VALUES (88, 'Computer and Network Security', '134', 4, 6.0, 34115, 4, 1, 13, 'upper', 'Lec', 'MWF', '2026-09-28T18:00:00.000Z', '2026-09-28T18:50:00.000Z', 0, 6, 0, 30, 30, 0, 'ICS', '877');
INSERT INTO "course" ("course_id", "course_name", "course_number", "difficulty_score", "estimated_hours_per_week", "course_code", "credits", "category_id", "department_id", "course_level", "type", "days", "start_time", "end_time", "is_online", "final_id", "cancelled", "num_enrolled", "capacity", "waitlist", "building_code", "room") VALUES (89, 'Compilers and Interpreters', '142A', 4, 6.0, 34130, 4, 1, 13, 'upper', 'Lec', 'MWF', '2026-09-28T08:00:00.000Z', '2026-09-28T08:50:00.000Z', 0, 2, 0, 86, 90, 0, 'ICS', '774');
INSERT INTO "course" ("course_id", "course_name", "course_number", "difficulty_score", "estimated_hours_per_week", "course_code", "credits", "category_id", "department_id", "course_level", "type", "days", "start_time", "end_time", "is_online", "final_id", "cancelled", "num_enrolled", "capacity", "waitlist", "building_code", "room") VALUES (90, 'Algorithms for Probabilistic and Deterministic Graphical Models', '179', 4, 6.0, 34350, 4, 1, 13, 'upper', 'Lec', 'TuWTh', '2026-09-28T09:00:00.000Z', '2026-09-28T09:50:00.000Z', 0, 9, 0, 241, 250, 0, 'ICS', '588');
INSERT INTO "course" ("course_id", "course_name", "course_number", "difficulty_score", "estimated_hours_per_week", "course_code", "credits", "category_id", "department_id", "course_level", "type", "days", "start_time", "end_time", "is_online", "final_id", "cancelled", "num_enrolled", "capacity", "waitlist", "building_code", "room") VALUES (91, 'Introduction to Artificial Intelligence', '171', 2, 6.0, 34300, 4, 1, 13, 'upper', 'Lec', 'MWF', '2026-09-28T10:00:00.000Z', '2026-09-28T10:50:00.000Z', 0, 7, 0, 288, 295, 0, 'ICS', '443');
INSERT INTO "course" ("course_id", "course_name", "course_number", "difficulty_score", "estimated_hours_per_week", "course_code", "credits", "category_id", "department_id", "course_level", "type", "days", "start_time", "end_time", "is_online", "final_id", "cancelled", "num_enrolled", "capacity", "waitlist", "building_code", "room") VALUES (92, 'Computational Photography and Vision', '116', 3, 6.0, 34025, 4, 1, 13, 'upper', 'Lec', 'MWF', '2026-09-28T11:00:00.000Z', '2026-09-28T11:50:00.000Z', 0, 5, 0, 240, 250, 0, 'ICS', '116');
INSERT INTO "course" ("course_id", "course_name", "course_number", "difficulty_score", "estimated_hours_per_week", "course_code", "credits", "category_id", "department_id", "course_level", "type", "days", "start_time", "end_time", "is_online", "final_id", "cancelled", "num_enrolled", "capacity", "waitlist", "building_code", "room") VALUES (93, 'Applications of Probability in Computer Science', '177', 3, 6.0, 34290, 4, 1, 13, 'upper', 'Lec', 'TuWTh', '2026-09-28T12:00:00.000Z', '2026-09-28T12:50:00.000Z', 0, 3, 0, 152, 152, 0, 'ICS', '441');
INSERT INTO "course" ("course_id", "course_name", "course_number", "difficulty_score", "estimated_hours_per_week", "course_code", "credits", "category_id", "department_id", "course_level", "type", "days", "start_time", "end_time", "is_online", "final_id", "cancelled", "num_enrolled", "capacity", "waitlist", "building_code", "room") VALUES (94, 'Parallel and Distributed Computing', '131', 4, 6.0, 34090, 4, 1, 13, 'upper', 'Lec', 'TuWTh', '2026-09-28T13:00:00.000Z', '2026-09-28T13:50:00.000Z', 0, 9, 0, 33, 50, 0, 'ICS', '854');
INSERT INTO "course" ("course_id", "course_name", "course_number", "difficulty_score", "estimated_hours_per_week", "course_code", "credits", "category_id", "department_id", "course_level", "type", "days", "start_time", "end_time", "is_online", "final_id", "cancelled", "num_enrolled", "capacity", "waitlist", "building_code", "room") VALUES (95, 'Digital Image Processing', '111', 3, 6.0, 34000, 4, 1, 13, 'upper', 'Lec', 'MWF', '2026-09-28T14:00:00.000Z', '2026-09-28T14:50:00.000Z', 0, 2, 0, 21, 50, 0, 'ICS', '324');
INSERT INTO "course" ("course_id", "course_name", "course_number", "difficulty_score", "estimated_hours_per_week", "course_code", "credits", "category_id", "department_id", "course_level", "type", "days", "start_time", "end_time", "is_online", "final_id", "cancelled", "num_enrolled", "capacity", "waitlist", "building_code", "room") VALUES (96, 'Computer Graphics', '112', 3, 6.0, 34010, 4, 1, 13, 'upper', 'Lec', 'MTuW', '2026-09-28T15:00:00.000Z', '2026-09-28T15:50:00.000Z', 0, 5, 0, 52, 60, 0, 'ICS', '551');
INSERT INTO "course" ("course_id", "course_name", "course_number", "difficulty_score", "estimated_hours_per_week", "course_code", "credits", "category_id", "department_id", "course_level", "type", "days", "start_time", "end_time", "is_online", "final_id", "cancelled", "num_enrolled", "capacity", "waitlist", "building_code", "room") VALUES (97, 'Intensive Writing', '45', 5, 9.0, 39450, 6, 2, 2, 'lower', 'Lec', 'MTuW', '2026-09-28T16:00:00.000Z', '2026-09-28T16:50:00.000Z', 0, 1, 0, 15, 25, 0, 'HG', '14');
INSERT INTO "course" ("course_id", "course_name", "course_number", "difficulty_score", "estimated_hours_per_week", "course_code", "credits", "category_id", "department_id", "course_level", "type", "days", "start_time", "end_time", "is_online", "final_id", "cancelled", "num_enrolled", "capacity", "waitlist", "building_code", "room") VALUES (98, 'Designing Computing Technology for People', '4', 2, 6.0, 39020, 4, 4, 4, 'lower', 'Lec', 'MWF', '2026-09-28T17:00:00.000Z', '2026-09-28T17:50:00.000Z', 0, 6, 0, 25, 100, 0, 'ICS', '03');
INSERT INTO "course" ("course_id", "course_name", "course_number", "difficulty_score", "estimated_hours_per_week", "course_code", "credits", "category_id", "department_id", "course_level", "type", "days", "start_time", "end_time", "is_online", "final_id", "cancelled", "num_enrolled", "capacity", "waitlist", "building_code", "room") VALUES (99, 'Global Disruption and Information Technology', '5', 2, 6.0, 39040, 4, 4, 4, 'lower', 'Lec', 'TuTh', '2026-09-28T18:00:00.000Z', '2026-09-28T18:50:00.000Z', 0, 2, 0, 162, 250, 0, 'ICS', '044');
INSERT INTO "course" ("course_id", "course_name", "course_number", "difficulty_score", "estimated_hours_per_week", "course_code", "credits", "category_id", "department_id", "course_level", "type", "days", "start_time", "end_time", "is_online", "final_id", "cancelled", "num_enrolled", "capacity", "waitlist", "building_code", "room") VALUES (100, 'Introduction to Computation for Scientists and Engineers', '9', 4, 9.0, 39050, 6, 4, 4, 'lower', 'Lec', 'TuTh', '2026-09-28T08:00:00.000Z', '2026-09-28T08:50:00.000Z', 0, 9, 0, 50, 50, 0, 'ICS', '059');
INSERT INTO "course" ("course_id", "course_name", "course_number", "difficulty_score", "estimated_hours_per_week", "course_code", "credits", "category_id", "department_id", "course_level", "type", "days", "start_time", "end_time", "is_online", "final_id", "cancelled", "num_enrolled", "capacity", "waitlist", "building_code", "room") VALUES (101, 'How Computers Work', '10', 2, 6.0, 39060, 4, 4, 4, 'lower', 'Lec', 'MWF', '2026-09-28T09:00:00.000Z', '2026-09-28T09:50:00.000Z', 0, 7, 0, 125, 150, 0, 'ICS', '049');
INSERT INTO "course" ("course_id", "course_name", "course_number", "difficulty_score", "estimated_hours_per_week", "course_code", "credits", "category_id", "department_id", "course_level", "type", "days", "start_time", "end_time", "is_online", "final_id", "cancelled", "num_enrolled", "capacity", "waitlist", "building_code", "room") VALUES (102, 'The Internet and Public Policy', '11', 2, 6.0, 39070, 4, 4, 4, 'lower', 'Lec', 'MWF', '2026-09-28T10:00:00.000Z', '2026-09-28T10:50:00.000Z', 0, 8, 0, 257, 300, 0, 'ICS', '011');
INSERT INTO "course" ("course_id", "course_name", "course_number", "difficulty_score", "estimated_hours_per_week", "course_code", "credits", "category_id", "department_id", "course_level", "type", "days", "start_time", "end_time", "is_online", "final_id", "cancelled", "num_enrolled", "capacity", "waitlist", "building_code", "room") VALUES (103, 'Artificial Intelligence and Society', '12', 1, 6.0, 39090, 4, 4, 4, 'lower', 'Lec', 'TuTh', '2026-09-28T11:00:00.000Z', '2026-09-28T11:50:00.000Z', 0, 2, 0, 294, 350, 0, 'ICS', '079');
INSERT INTO "course" ("course_id", "course_name", "course_number", "difficulty_score", "estimated_hours_per_week", "course_code", "credits", "category_id", "department_id", "course_level", "type", "days", "start_time", "end_time", "is_online", "final_id", "cancelled", "num_enrolled", "capacity", "waitlist", "building_code", "room") VALUES (104, 'Game Design Fundamentals', '61', 2, 6.0, 39160, 4, 4, 4, 'lower', 'Lec', 'TuWTh', '2026-09-28T12:00:00.000Z', '2026-09-28T12:50:00.000Z', 0, 6, 0, 124, 250, 0, 'ICS', '024');
INSERT INTO "course" ("course_id", "course_name", "course_number", "difficulty_score", "estimated_hours_per_week", "course_code", "credits", "category_id", "department_id", "course_level", "type", "days", "start_time", "end_time", "is_online", "final_id", "cancelled", "num_enrolled", "capacity", "waitlist", "building_code", "room") VALUES (105, 'Case Studies in Public Health Practice', '2', 2, 6.0, 39140, 4, 4, 6, 'lower', 'Lec', 'TuTh', '2026-09-28T13:00:00.000Z', '2026-09-28T13:50:00.000Z', 0, 7, 0, 114, 125, 0, 'ALP', '001');
INSERT INTO "course" ("course_id", "course_name", "course_number", "difficulty_score", "estimated_hours_per_week", "course_code", "credits", "category_id", "department_id", "course_level", "type", "days", "start_time", "end_time", "is_online", "final_id", "cancelled", "num_enrolled", "capacity", "waitlist", "building_code", "room") VALUES (106, 'Introduction to Urban Environmental Health', '30', 2, 6.0, 39250, 4, 4, 6, 'lower', 'Lec', 'TuTh', '2026-09-28T14:00:00.000Z', '2026-09-28T14:50:00.000Z', 0, 3, 0, 154, 250, 0, 'ALP', '047');
INSERT INTO "course" ("course_id", "course_name", "course_number", "difficulty_score", "estimated_hours_per_week", "course_code", "credits", "category_id", "department_id", "course_level", "type", "days", "start_time", "end_time", "is_online", "final_id", "cancelled", "num_enrolled", "capacity", "waitlist", "building_code", "room") VALUES (107, 'Environmental Quality and Health', '60', 1, 6.0, 37850, 4, 4, 6, 'lower', 'Lec', 'MTuW', '2026-09-28T15:00:00.000Z', '2026-09-28T15:50:00.000Z', 0, 9, 0, 147, 300, 0, 'ALP', '149');
INSERT INTO "course" ("course_id", "course_name", "course_number", "difficulty_score", "estimated_hours_per_week", "course_code", "credits", "category_id", "department_id", "course_level", "type", "days", "start_time", "end_time", "is_online", "final_id", "cancelled", "num_enrolled", "capacity", "waitlist", "building_code", "room") VALUES (108, 'AIDS Fundamentals', '80', 1, 6.0, 38840, 4, 4, 6, 'lower', 'Lec', 'TuTh', '2026-09-28T16:00:00.000Z', '2026-09-28T16:50:00.000Z', 0, 7, 0, 224, 300, 0, 'ALP', '775');
INSERT INTO "course" ("course_id", "course_name", "course_number", "difficulty_score", "estimated_hours_per_week", "course_code", "credits", "category_id", "department_id", "course_level", "type", "days", "start_time", "end_time", "is_online", "final_id", "cancelled", "num_enrolled", "capacity", "waitlist", "building_code", "room") VALUES (109, 'Natural Disasters', '90', 1, 6.0, 38870, 4, 4, 6, 'lower', 'Lec', 'TuWTh', '2026-09-28T17:00:00.000Z', '2026-09-28T17:50:00.000Z', 0, 4, 0, 194, 200, 0, 'ALP', '887');
INSERT INTO "course" ("course_id", "course_name", "course_number", "difficulty_score", "estimated_hours_per_week", "course_code", "credits", "category_id", "department_id", "course_level", "type", "days", "start_time", "end_time", "is_online", "final_id", "cancelled", "num_enrolled", "capacity", "waitlist", "building_code", "room") VALUES (110, 'Computing Technologies and Their Social Impact', '3', 1, 6.0, 39110, 4, 5, 4, 'lower', 'Lec', 'MWF', '2026-09-28T18:00:00.000Z', '2026-09-28T18:50:00.000Z', 0, 2, 0, 254, 300, 0, 'ICS', '117');
INSERT INTO "course" ("course_id", "course_name", "course_number", "difficulty_score", "estimated_hours_per_week", "course_code", "credits", "category_id", "department_id", "course_level", "type", "days", "start_time", "end_time", "is_online", "final_id", "cancelled", "num_enrolled", "capacity", "waitlist", "building_code", "room") VALUES (111, 'Games and Society', '60', 2, 6.0, 39610, 4, 5, 4, 'lower', 'Lec', 'MWF', '2026-09-28T08:00:00.000Z', '2026-09-28T08:50:00.000Z', 0, 6, 0, 294, 300, 0, 'ICS', '015');
INSERT INTO "course" ("course_id", "course_name", "course_number", "difficulty_score", "estimated_hours_per_week", "course_code", "credits", "category_id", "department_id", "course_level", "type", "days", "start_time", "end_time", "is_online", "final_id", "cancelled", "num_enrolled", "capacity", "waitlist", "building_code", "room") VALUES (112, 'Ethics, Technology, and Design', 'H81', 1, 6.0, 38750, 4, 5, 12, 'lower', 'Lec', 'TuWTh', '2026-09-28T09:00:00.000Z', '2026-09-28T09:50:00.000Z', 0, 2, 0, 96, 100, 0, 'ICS', '223');
INSERT INTO "course" ("course_id", "course_name", "course_number", "difficulty_score", "estimated_hours_per_week", "course_code", "credits", "category_id", "department_id", "course_level", "type", "days", "start_time", "end_time", "is_online", "final_id", "cancelled", "num_enrolled", "capacity", "waitlist", "building_code", "room") VALUES (113, 'Introduction to Psychology', '9', 2, 6.0, 33450, 4, 5, 16, 'lower', 'Lec', 'TuWTh', '2026-09-28T10:00:00.000Z', '2026-09-28T10:50:00.000Z', 1, 2, 0, 164, 250, 0, '', '');
INSERT INTO "course" ("course_id", "course_name", "course_number", "difficulty_score", "estimated_hours_per_week", "course_code", "credits", "category_id", "department_id", "course_level", "type", "days", "start_time", "end_time", "is_online", "final_id", "cancelled", "num_enrolled", "capacity", "waitlist", "building_code", "room") VALUES (114, 'Psychology Fundamentals', '11A', 2, 6.0, 34150, 4, 5, 16, 'lower', 'Lec', 'MWF', '2026-09-28T11:00:00.000Z', '2026-09-28T11:50:00.000Z', 0, 9, 0, 114, 300, 0, 'ALP', '478');
INSERT INTO "course" ("course_id", "course_name", "course_number", "difficulty_score", "estimated_hours_per_week", "course_code", "credits", "category_id", "department_id", "course_level", "type", "days", "start_time", "end_time", "is_online", "final_id", "cancelled", "num_enrolled", "capacity", "waitlist", "building_code", "room") VALUES (115, 'Psychology Fundamentals', '11B', 3, 6.0, 34125, 4, 5, 16, 'lower', 'Lec', 'TuTh', '2026-09-28T12:00:00.000Z', '2026-09-28T12:50:00.000Z', 0, 6, 0, 114, 300, 0, 'ALP', '774');
INSERT INTO "course" ("course_id", "course_name", "course_number", "difficulty_score", "estimated_hours_per_week", "course_code", "credits", "category_id", "department_id", "course_level", "type", "days", "start_time", "end_time", "is_online", "final_id", "cancelled", "num_enrolled", "capacity", "waitlist", "building_code", "room") VALUES (116, 'Psychology Fundamentals', '11C', 3, 6.0, 33175, 4, 5, 16, 'lower', 'Lec', 'MWF', '2026-09-28T13:00:00.000Z', '2026-09-28T13:50:00.000Z', 0, 3, 0, 114, 300, 0, 'ALP', '221');
INSERT INTO "course" ("course_id", "course_name", "course_number", "difficulty_score", "estimated_hours_per_week", "course_code", "credits", "category_id", "department_id", "course_level", "type", "days", "start_time", "end_time", "is_online", "final_id", "cancelled", "num_enrolled", "capacity", "waitlist", "building_code", "room") VALUES (117, 'Principles of Public Health', '1', 1, 6.0, 31020, 4, 5, 6, 'lower', 'Lec', 'TuTh', '2026-09-28T14:00:00.000Z', '2026-09-28T14:50:00.000Z', 0, 4, 0, 294, 350, 0, 'ALP', '102');
INSERT INTO "course" ("course_id", "course_name", "course_number", "difficulty_score", "estimated_hours_per_week", "course_code", "credits", "category_id", "department_id", "course_level", "type", "days", "start_time", "end_time", "is_online", "final_id", "cancelled", "num_enrolled", "capacity", "waitlist", "building_code", "room") VALUES (118, 'Introduction to Sociology', '1', 1, 6.0, 32150, 4, 5, 17, 'lower', 'Lec', 'MWF', '2026-09-28T15:00:00.000Z', '2026-09-28T15:50:00.000Z', 0, 3, 0, 156, 225, 0, 'SSL', '114');
INSERT INTO "course" ("course_id", "course_name", "course_number", "difficulty_score", "estimated_hours_per_week", "course_code", "credits", "category_id", "department_id", "course_level", "type", "days", "start_time", "end_time", "is_online", "final_id", "cancelled", "num_enrolled", "capacity", "waitlist", "building_code", "room") VALUES (119, 'Globalization', '2', 1, 6.0, 33140, 4, 5, 17, 'lower', 'Lec', 'MWF', '2026-09-28T16:00:00.000Z', '2026-09-28T16:50:00.000Z', 0, 4, 0, 112, 130, 0, 'SSL', '160');
INSERT INTO "course" ("course_id", "course_name", "course_number", "difficulty_score", "estimated_hours_per_week", "course_code", "credits", "category_id", "department_id", "course_level", "type", "days", "start_time", "end_time", "is_online", "final_id", "cancelled", "num_enrolled", "capacity", "waitlist", "building_code", "room") VALUES (120, 'Social Problems', '3', 1, 6.0, 34450, 4, 5, 17, 'lower', 'Lec', 'MWF', '2026-09-28T17:00:00.000Z', '2026-09-28T17:50:00.000Z', 0, 2, 0, 147, 150, 0, 'SSL', '220');
INSERT INTO "course" ("course_id", "course_name", "course_number", "difficulty_score", "estimated_hours_per_week", "course_code", "credits", "category_id", "department_id", "course_level", "type", "days", "start_time", "end_time", "is_online", "final_id", "cancelled", "num_enrolled", "capacity", "waitlist", "building_code", "room") VALUES (121, 'Self-Identity and Society', '31', 1, 6.0, 36140, 4, 5, 17, 'lower', 'Lec', 'TuTh', '2026-09-28T18:00:00.000Z', '2026-09-28T18:50:00.000Z', 0, 9, 0, 153, 165, 0, 'SSL', '006');
INSERT INTO "course" ("course_id", "course_name", "course_number", "difficulty_score", "estimated_hours_per_week", "course_code", "credits", "category_id", "department_id", "course_level", "type", "days", "start_time", "end_time", "is_online", "final_id", "cancelled", "num_enrolled", "capacity", "waitlist", "building_code", "room") VALUES (122, 'Families and Intimate Relations', '62', 2, 6.0, 37100, 4, 5, 17, 'lower', 'Lec', 'TuTh', '2026-09-28T08:00:00.000Z', '2026-09-28T08:50:00.000Z', 0, 4, 0, 163, 170, 0, 'SSL', '087');
INSERT INTO "course" ("course_id", "course_name", "course_number", "difficulty_score", "estimated_hours_per_week", "course_code", "credits", "category_id", "department_id", "course_level", "type", "days", "start_time", "end_time", "is_online", "final_id", "cancelled", "num_enrolled", "capacity", "waitlist", "building_code", "room") VALUES (123, 'Undocumented Immigrant Experiences', '177C', 3, 6.0, 38120, 4, 5, 17, 'upper', 'Lec', 'TuTh', '2026-09-28T09:00:00.000Z', '2026-09-28T09:50:00.000Z', 0, 3, 0, 25, 100, 0, 'SSL', '119');
INSERT INTO "course" ("course_id", "course_name", "course_number", "difficulty_score", "estimated_hours_per_week", "course_code", "credits", "category_id", "department_id", "course_level", "type", "days", "start_time", "end_time", "is_online", "final_id", "cancelled", "num_enrolled", "capacity", "waitlist", "building_code", "room") VALUES (124, 'Environmental Issues Affecting the Sustainability of Societies II', 'H30C', 3, 6.0, 33100, 4, 5, 1, 'lower', 'Lec', 'MWF', '2026-09-28T10:00:00.000Z', '2026-09-28T10:50:00.000Z', 0, 9, 0, 113, 115, 0, 'SSL', '006');
INSERT INTO "course" ("course_id", "course_name", "course_number", "difficulty_score", "estimated_hours_per_week", "course_code", "credits", "category_id", "department_id", "course_level", "type", "days", "start_time", "end_time", "is_online", "final_id", "cancelled", "num_enrolled", "capacity", "waitlist", "building_code", "room") VALUES (125, 'Social Science Perspectives on the Sustainability of Societies', 'H30D', 3, 6.0, 39180, 4, 5, 1, 'lower', 'Lec', 'TuWTh', '2026-09-28T11:00:00.000Z', '2026-09-28T11:50:00.000Z', 0, 5, 0, 74, 75, 0, 'ALP', '077');
INSERT INTO "course" ("course_id", "course_name", "course_number", "difficulty_score", "estimated_hours_per_week", "course_code", "credits", "category_id", "department_id", "course_level", "type", "days", "start_time", "end_time", "is_online", "final_id", "cancelled", "num_enrolled", "capacity", "waitlist", "building_code", "room") VALUES (126, 'Cities: Focal Point for Sustainability Problems and Solutions I', 'H30E', 3, 6.0, 37560, 4, 5, 1, 'lower', 'Lec', 'MWF', '2026-09-28T12:00:00.000Z', '2026-09-28T12:50:00.000Z', 0, 3, 0, 47, 50, 0, 'APL', '006');
INSERT INTO "course" ("course_id", "course_name", "course_number", "difficulty_score", "estimated_hours_per_week", "course_code", "credits", "category_id", "department_id", "course_level", "type", "days", "start_time", "end_time", "is_online", "final_id", "cancelled", "num_enrolled", "capacity", "waitlist", "building_code", "room") VALUES (127, 'Neurodivergent', 'H80', 2, 6.0, 36610, 4, 5, 1, 'lower', 'Lec', 'TuTh', '2026-09-28T13:00:00.000Z', '2026-09-28T13:50:00.000Z', 0, 5, 0, 87, 90, 0, 'ALP', '784');
INSERT INTO "course" ("course_id", "course_name", "course_number", "difficulty_score", "estimated_hours_per_week", "course_code", "credits", "category_id", "department_id", "course_level", "type", "days", "start_time", "end_time", "is_online", "final_id", "cancelled", "num_enrolled", "capacity", "waitlist", "building_code", "room") VALUES (128, 'Leading from Within', '85A', 2, 6.0, 36650, 4, 5, 1, 'lower', 'Lec', 'TuWTh', '2026-09-28T14:00:00.000Z', '2026-09-28T14:50:00.000Z', 0, 3, 0, 88, 95, 0, 'ALP', '145');
INSERT INTO "course" ("course_id", "course_name", "course_number", "difficulty_score", "estimated_hours_per_week", "course_code", "credits", "category_id", "department_id", "course_level", "type", "days", "start_time", "end_time", "is_online", "final_id", "cancelled", "num_enrolled", "capacity", "waitlist", "building_code", "room") VALUES (129, 'Leading Others', '85B', 2, 6.0, 37450, 4, 5, 1, 'lower', 'Lec', 'MWF', '2026-09-28T15:00:00.000Z', '2026-09-28T15:50:00.000Z', 0, 1, 0, 98, 100, 0, 'ALP', '55');
INSERT INTO "course" ("course_id", "course_name", "course_number", "difficulty_score", "estimated_hours_per_week", "course_code", "credits", "category_id", "department_id", "course_level", "type", "days", "start_time", "end_time", "is_online", "final_id", "cancelled", "num_enrolled", "capacity", "waitlist", "building_code", "room") VALUES (130, 'Leading Change', '85C', 2, 6.0, 37565, 4, 5, 1, 'lower', 'Lec', 'TuTh', '2026-09-28T16:00:00.000Z', '2026-09-28T16:50:00.000Z', 0, 4, 0, 87, 90, 0, 'ALP', '87');
INSERT INTO "course" ("course_id", "course_name", "course_number", "difficulty_score", "estimated_hours_per_week", "course_code", "credits", "category_id", "department_id", "course_level", "type", "days", "start_time", "end_time", "is_online", "final_id", "cancelled", "num_enrolled", "capacity", "waitlist", "building_code", "room") VALUES (131, 'The Formation of Ancient Greek Society: Early Greece', '36A', 1, 6.0, 31140, 4, 6, 7, 'lower', 'Lec', 'MWF', '2026-09-28T17:00:00.000Z', '2026-09-28T17:50:00.000Z', 0, 2, 0, 45, 95, 0, 'HH', '87');
INSERT INTO "course" ("course_id", "course_name", "course_number", "difficulty_score", "estimated_hours_per_week", "course_code", "credits", "category_id", "department_id", "course_level", "type", "days", "start_time", "end_time", "is_online", "final_id", "cancelled", "num_enrolled", "capacity", "waitlist", "building_code", "room") VALUES (132, 'The Formation of Ancient Greek Society: Late Archaic and Classical Greece', '36B', 1, 6.0, 32140, 4, 6, 7, 'lower', 'Lec', 'MWF', '2026-09-28T18:00:00.000Z', '2026-09-28T18:50:00.000Z', 0, 5, 0, 89, 115, 0, 'HH', '997');
INSERT INTO "course" ("course_id", "course_name", "course_number", "difficulty_score", "estimated_hours_per_week", "course_code", "credits", "category_id", "department_id", "course_level", "type", "days", "start_time", "end_time", "is_online", "final_id", "cancelled", "num_enrolled", "capacity", "waitlist", "building_code", "room") VALUES (133, 'The Formation of Ancient Greek Society: Fourth-Century and Hellenistic Greece', '36C', 1, 6.0, 33145, 4, 6, 7, 'lower', 'Lec', 'TuTh', '2026-09-28T08:00:00.000Z', '2026-09-28T08:50:00.000Z', 0, 3, 0, 79, 80, 0, 'HH', '019');
INSERT INTO "course" ("course_id", "course_name", "course_number", "difficulty_score", "estimated_hours_per_week", "course_code", "credits", "category_id", "department_id", "course_level", "type", "days", "start_time", "end_time", "is_online", "final_id", "cancelled", "num_enrolled", "capacity", "waitlist", "building_code", "room") VALUES (134, 'The Formation of Ancient Roman Society: Origins to Roman Republic', '37A', 2, 6.0, 34135, 4, 6, 7, 'lower', 'Lec', 'MTuW', '2026-09-28T09:00:00.000Z', '2026-09-28T09:50:00.000Z', 0, 7, 0, 77, 90, 0, 'HH', '14');
INSERT INTO "course" ("course_id", "course_name", "course_number", "difficulty_score", "estimated_hours_per_week", "course_code", "credits", "category_id", "department_id", "course_level", "type", "days", "start_time", "end_time", "is_online", "final_id", "cancelled", "num_enrolled", "capacity", "waitlist", "building_code", "room") VALUES (135, 'The Formation of Ancient Roman Society: Roman Empire', '37B', 2, 6.0, 35514, 4, 6, 7, 'lower', 'Lec', 'MWF', '2026-09-28T10:00:00.000Z', '2026-09-28T10:50:00.000Z', 0, 8, 0, 115, 125, 0, 'HH', '116');
INSERT INTO "course" ("course_id", "course_name", "course_number", "difficulty_score", "estimated_hours_per_week", "course_code", "credits", "category_id", "department_id", "course_level", "type", "days", "start_time", "end_time", "is_online", "final_id", "cancelled", "num_enrolled", "capacity", "waitlist", "building_code", "room") VALUES (136, 'The Formation of Ancient Roman Society: The Fall of Rome', '37C', 2, 6.0, 37110, 4, 6, 7, 'lower', 'Lec', 'MWF', '2026-09-28T11:00:00.000Z', '2026-09-28T11:50:00.000Z', 0, 2, 0, 165, 225, 0, 'HH', '023');
INSERT INTO "course" ("course_id", "course_name", "course_number", "difficulty_score", "estimated_hours_per_week", "course_code", "credits", "category_id", "department_id", "course_level", "type", "days", "start_time", "end_time", "is_online", "final_id", "cancelled", "num_enrolled", "capacity", "waitlist", "building_code", "room") VALUES (137, 'Classical Mythology: The Gods', '45A', 1, 6.0, 38445, 4, 6, 7, 'lower', 'Lec', 'TuTh', '2026-09-28T12:00:00.000Z', '2026-09-28T12:50:00.000Z', 0, 7, 0, 157, 160, 0, 'HH', '65');
INSERT INTO "course" ("course_id", "course_name", "course_number", "difficulty_score", "estimated_hours_per_week", "course_code", "credits", "category_id", "department_id", "course_level", "type", "days", "start_time", "end_time", "is_online", "final_id", "cancelled", "num_enrolled", "capacity", "waitlist", "building_code", "room") VALUES (138, 'Classical Mythology: Ancient and Modern Perspectives of Classical Mythology', '45C', 1, 6.0, 36450, 4, 6, 7, 'lower', 'Lec', 'TuTh', '2026-09-28T13:00:00.000Z', '2026-09-28T13:50:00.000Z', 0, 6, 0, 147, 150, 0, 'HH', '114');
INSERT INTO "course" ("course_id", "course_name", "course_number", "difficulty_score", "estimated_hours_per_week", "course_code", "credits", "category_id", "department_id", "course_level", "type", "days", "start_time", "end_time", "is_online", "final_id", "cancelled", "num_enrolled", "capacity", "waitlist", "building_code", "room") VALUES (139, 'Just Reading: Developing the Reading Experience', '3', 1, 6.0, 36620, 4, 6, 11, 'lower', 'Lec', 'MWF', '2026-09-28T14:00:00.000Z', '2026-09-28T14:50:00.000Z', 0, 1, 0, 257, 350, 0, 'HH', '225');
INSERT INTO "course" ("course_id", "course_name", "course_number", "difficulty_score", "estimated_hours_per_week", "course_code", "credits", "category_id", "department_id", "course_level", "type", "days", "start_time", "end_time", "is_online", "final_id", "cancelled", "num_enrolled", "capacity", "waitlist", "building_code", "room") VALUES (140, 'Native American and Indigenous Literatures', '6', 1, 6.0, 39910, 4, 6, 11, 'lower', 'Lec', 'MWF', '2026-09-28T15:00:00.000Z', '2026-09-28T15:50:00.000Z', 0, 6, 0, 294, 300, 0, 'HH', '566');
INSERT INTO "course" ("course_id", "course_name", "course_number", "difficulty_score", "estimated_hours_per_week", "course_code", "credits", "category_id", "department_id", "course_level", "type", "days", "start_time", "end_time", "is_online", "final_id", "cancelled", "num_enrolled", "capacity", "waitlist", "building_code", "room") VALUES (141, 'Travels in Comparative Literature', '8', 1, 6.0, 30120, 4, 6, 11, 'lower', 'Lec', 'MWF', '2026-09-28T16:00:00.000Z', '2026-09-28T16:50:00.000Z', 0, 3, 0, 324, 335, 0, 'HH', '551');
INSERT INTO "course" ("course_id", "course_name", "course_number", "difficulty_score", "estimated_hours_per_week", "course_code", "credits", "category_id", "department_id", "course_level", "type", "days", "start_time", "end_time", "is_online", "final_id", "cancelled", "num_enrolled", "capacity", "waitlist", "building_code", "room") VALUES (142, 'Introduction to Multiculturalism', '9', 1, 6.0, 30140, 4, 6, 11, 'lower', 'Lec', 'MWF', '2026-09-28T17:00:00.000Z', '2026-09-28T17:50:00.000Z', 0, 9, 0, 320, 330, 0, 'HH', '44');
INSERT INTO "course" ("course_id", "course_name", "course_number", "difficulty_score", "estimated_hours_per_week", "course_code", "credits", "category_id", "department_id", "course_level", "type", "days", "start_time", "end_time", "is_online", "final_id", "cancelled", "num_enrolled", "capacity", "waitlist", "building_code", "room") VALUES (143, 'Topics in World Literature', '10', 1, 6.0, 30150, 4, 6, 11, 'lower', 'Lec', 'MWF', '2026-09-28T18:00:00.000Z', '2026-09-28T18:50:00.000Z', 0, 5, 0, 247, 250, 0, 'HH', '478');
INSERT INTO "course" ("course_id", "course_name", "course_number", "difficulty_score", "estimated_hours_per_week", "course_code", "credits", "category_id", "department_id", "course_level", "type", "days", "start_time", "end_time", "is_online", "final_id", "cancelled", "num_enrolled", "capacity", "waitlist", "building_code", "room") VALUES (144, 'World Literature', '60A', 1, 6.0, 30190, 4, 6, 11, 'lower', 'Lec', 'TuTh', '2026-09-28T08:00:00.000Z', '2026-09-28T08:50:00.000Z', 0, 3, 0, 264, 270, 0, 'HH', '56');
INSERT INTO "course" ("course_id", "course_name", "course_number", "difficulty_score", "estimated_hours_per_week", "course_code", "credits", "category_id", "department_id", "course_level", "type", "days", "start_time", "end_time", "is_online", "final_id", "cancelled", "num_enrolled", "capacity", "waitlist", "building_code", "room") VALUES (145, 'Reading with Theory', '60B', 2, 6.0, 30560, 4, 6, 11, 'lower', 'Lec', 'TuWTh', '2026-09-28T09:00:00.000Z', '2026-09-28T09:50:00.000Z', 0, 7, 0, 116, 120, 0, 'HH', '89');
INSERT INTO "course" ("course_id", "course_name", "course_number", "difficulty_score", "estimated_hours_per_week", "course_code", "credits", "category_id", "department_id", "course_level", "type", "days", "start_time", "end_time", "is_online", "final_id", "cancelled", "num_enrolled", "capacity", "waitlist", "building_code", "room") VALUES (146, 'Cultural Studies', '60C', 2, 6.0, 30145, 4, 6, 11, 'lower', 'Lec', 'MWF', '2026-09-28T10:00:00.000Z', '2026-09-28T10:50:00.000Z', 0, 9, 0, 225, 145, 0, 'HH', '464');
INSERT INTO "course" ("course_id", "course_name", "course_number", "difficulty_score", "estimated_hours_per_week", "course_code", "credits", "category_id", "department_id", "course_level", "type", "days", "start_time", "end_time", "is_online", "final_id", "cancelled", "num_enrolled", "capacity", "waitlist", "building_code", "room") VALUES (147, 'Latin America, U.S. Latino, and Iberian Cultures', '50', 2, 6.0, 36110, 4, 6, 10, 'lower', 'Lec', 'MWF', '2026-09-28T11:00:00.000Z', '2026-09-28T11:50:00.000Z', 0, 6, 0, 114, 130, 0, 'ALP', '410');
INSERT INTO "course" ("course_id", "course_name", "course_number", "difficulty_score", "estimated_hours_per_week", "course_code", "credits", "category_id", "department_id", "course_level", "type", "days", "start_time", "end_time", "is_online", "final_id", "cancelled", "num_enrolled", "capacity", "waitlist", "building_code", "room") VALUES (148, 'Mexico and Central America: A Survey', '60E', 2, 6.0, 37455, 4, 6, 10, 'lower', 'Lec', 'MWF', '2026-09-28T12:00:00.000Z', '2026-09-28T12:50:00.000Z', 0, 9, 0, 139, 150, 0, 'ALP', '56');
INSERT INTO "course" ("course_id", "course_name", "course_number", "difficulty_score", "estimated_hours_per_week", "course_code", "credits", "category_id", "department_id", "course_level", "type", "days", "start_time", "end_time", "is_online", "final_id", "cancelled", "num_enrolled", "capacity", "waitlist", "building_code", "room") VALUES (149, 'The Culture of the Visual Image in Latin America', '61', 2, 6.0, 32110, 4, 6, 10, 'lower', 'Lec', 'MWF', '2026-09-28T13:00:00.000Z', '2026-09-28T13:50:00.000Z', 0, 2, 0, 147, 165, 0, 'ALP', '48');
INSERT INTO "course" ("course_id", "course_name", "course_number", "difficulty_score", "estimated_hours_per_week", "course_code", "credits", "category_id", "department_id", "course_level", "type", "days", "start_time", "end_time", "is_online", "final_id", "cancelled", "num_enrolled", "capacity", "waitlist", "building_code", "room") VALUES (150, 'Public Health Statistics I', '7A', 3, 6.0, 33110, 4, 7, 6, 'lower', 'Lec', 'MWF', '2026-09-28T14:00:00.000Z', '2026-09-28T14:50:00.000Z', 0, 9, 0, 114, 160, 0, 'ALP', '464');
INSERT INTO "course" ("course_id", "course_name", "course_number", "difficulty_score", "estimated_hours_per_week", "course_code", "credits", "category_id", "department_id", "course_level", "type", "days", "start_time", "end_time", "is_online", "final_id", "cancelled", "num_enrolled", "capacity", "waitlist", "building_code", "room") VALUES (151, 'Public Health Statistics II', '7B', 3, 6.0, 39455, 4, 7, 6, 'lower', 'Lec', 'MWF', '2026-09-28T15:00:00.000Z', '2026-09-28T15:50:00.000Z', 0, 3, 0, 116, 150, 0, 'ALP', '178');
INSERT INTO "course" ("course_id", "course_name", "course_number", "difficulty_score", "estimated_hours_per_week", "course_code", "credits", "category_id", "department_id", "course_level", "type", "days", "start_time", "end_time", "is_online", "final_id", "cancelled", "num_enrolled", "capacity", "waitlist", "building_code", "room") VALUES (152, 'Probability and Statistics', '10A', 3, 6.0, 35510, 4, 7, 17, 'lower', 'Lec', 'TuTh', '2026-09-28T16:00:00.000Z', '2026-09-28T16:50:00.000Z', 0, 5, 0, 136, 150, 0, 'HH', '446');
INSERT INTO "course" ("course_id", "course_name", "course_number", "difficulty_score", "estimated_hours_per_week", "course_code", "credits", "category_id", "department_id", "course_level", "type", "days", "start_time", "end_time", "is_online", "final_id", "cancelled", "num_enrolled", "capacity", "waitlist", "building_code", "room") VALUES (153, 'Probability and Statistics', '10B', 3, 6.0, 35530, 4, 7, 17, 'lower', 'Lec', 'TuWTh', '2026-09-28T17:00:00.000Z', '2026-09-28T17:50:00.000Z', 0, 4, 0, 148, 150, 0, 'HH', '46');
INSERT INTO "course" ("course_id", "course_name", "course_number", "difficulty_score", "estimated_hours_per_week", "course_code", "credits", "category_id", "department_id", "course_level", "type", "days", "start_time", "end_time", "is_online", "final_id", "cancelled", "num_enrolled", "capacity", "waitlist", "building_code", "room") VALUES (154, 'Basic Statistics', '7', 1, 6.0, 35535, 4, 7, 8, 'lower', 'Lec', 'MWF', '2026-09-28T18:00:00.000Z', '2026-09-28T18:50:00.000Z', 0, 3, 0, 465, 500, 0, 'HH', '56');
INSERT INTO "course" ("course_id", "course_name", "course_number", "difficulty_score", "estimated_hours_per_week", "course_code", "credits", "category_id", "department_id", "course_level", "type", "days", "start_time", "end_time", "is_online", "final_id", "cancelled", "num_enrolled", "capacity", "waitlist", "building_code", "room") VALUES (155, 'Introduction to Biological Statistics', '8', 2, 6.0, 35550, 4, 7, 8, 'lower', 'Lec', 'MWF', '2026-09-28T08:00:00.000Z', '2026-09-28T08:50:00.000Z', 0, 7, 0, 145, 150, 0, 'HH', '66');
INSERT INTO "course" ("course_id", "course_name", "course_number", "difficulty_score", "estimated_hours_per_week", "course_code", "credits", "category_id", "department_id", "course_level", "type", "days", "start_time", "end_time", "is_online", "final_id", "cancelled", "num_enrolled", "capacity", "waitlist", "building_code", "room") VALUES (156, 'Critical Analysis of Health Science Literature', 'H30A', 2, 6.0, 36640, 4, 7, 1, 'lower', 'Lec', 'TuTh', '2026-09-28T09:00:00.000Z', '2026-09-28T09:50:00.000Z', 0, 2, 0, 111, 125, 0, 'HH', '1');
INSERT INTO "course" ("course_id", "course_name", "course_number", "difficulty_score", "estimated_hours_per_week", "course_code", "credits", "category_id", "department_id", "course_level", "type", "days", "start_time", "end_time", "is_online", "final_id", "cancelled", "num_enrolled", "capacity", "waitlist", "building_code", "room") VALUES (157, 'Multivariable Calculus I', '2D', 3, 6.0, 36630, 4, 8, 9, 'lower', 'Lec', 'TuTh', '2026-09-28T10:00:00.000Z', '2026-09-28T10:50:00.000Z', 0, 5, 0, 125, 125, 0, 'ALP', '78');
INSERT INTO "course" ("course_id", "course_name", "course_number", "difficulty_score", "estimated_hours_per_week", "course_code", "credits", "category_id", "department_id", "course_level", "type", "days", "start_time", "end_time", "is_online", "final_id", "cancelled", "num_enrolled", "capacity", "waitlist", "building_code", "room") VALUES (158, 'Calculus for Life Sciences I', '5A', 2, 6.0, 36660, 4, 8, 9, 'lower', 'Lec', 'TuWTh', '2026-09-28T11:00:00.000Z', '2026-09-28T11:50:00.000Z', 0, 7, 0, 145, 150, 0, 'ALP', '565');
INSERT INTO "course" ("course_id", "course_name", "course_number", "difficulty_score", "estimated_hours_per_week", "course_code", "credits", "category_id", "department_id", "course_level", "type", "days", "start_time", "end_time", "is_online", "final_id", "cancelled", "num_enrolled", "capacity", "waitlist", "building_code", "room") VALUES (159, 'Calculus for Life Sciences II', '5B', 2, 6.0, 36670, 4, 8, 9, 'lower', 'Lec', 'TuWTh', '2026-09-28T12:00:00.000Z', '2026-09-28T12:50:00.000Z', 0, 5, 0, 147, 150, 0, 'HH', '264');
INSERT INTO "course" ("course_id", "course_name", "course_number", "difficulty_score", "estimated_hours_per_week", "course_code", "credits", "category_id", "department_id", "course_level", "type", "days", "start_time", "end_time", "is_online", "final_id", "cancelled", "num_enrolled", "capacity", "waitlist", "building_code", "room") VALUES (160, 'Introduction to Programming for Numerical Analysis', '9', 2, 6.0, 36680, 4, 8, 9, 'lower', 'Lec', 'TuWTh', '2026-09-28T13:00:00.000Z', '2026-09-28T13:50:00.000Z', 0, 6, 0, 156, 170, 0, 'HH', '466');
INSERT INTO "course" ("course_id", "course_name", "course_number", "difficulty_score", "estimated_hours_per_week", "course_code", "credits", "category_id", "department_id", "course_level", "type", "days", "start_time", "end_time", "is_online", "final_id", "cancelled", "num_enrolled", "capacity", "waitlist", "building_code", "room") VALUES (161, 'Introduction to Programming for Data Science', '10', 2, 6.0, 36690, 4, 8, 9, 'lower', 'Lec', 'TuWTh', '2026-09-28T14:00:00.000Z', '2026-09-28T14:50:00.000Z', 0, 7, 0, 145, 150, 0, 'HH', '646');
INSERT INTO "course" ("course_id", "course_name", "course_number", "difficulty_score", "estimated_hours_per_week", "course_code", "credits", "category_id", "department_id", "course_level", "type", "days", "start_time", "end_time", "is_online", "final_id", "cancelled", "num_enrolled", "capacity", "waitlist", "building_code", "room") VALUES (162, 'Probability and Statistics', '10C', 3, 6.0, 36688, 4, 8, 17, 'lower', 'Lec', 'TuWTh', '2026-09-28T15:00:00.000Z', '2026-09-28T15:50:00.000Z', 0, 9, 0, 117, 130, 0, 'HH', '774');
INSERT INTO "course" ("course_id", "course_name", "course_number", "difficulty_score", "estimated_hours_per_week", "course_code", "credits", "category_id", "department_id", "course_level", "type", "days", "start_time", "end_time", "is_online", "final_id", "cancelled", "num_enrolled", "capacity", "waitlist", "building_code", "room") VALUES (163, 'Introduction to Data Science', '6', 1, 6.0, 34410, 4, 8, 8, 'lower', 'Lec', 'MWF', '2026-09-28T16:00:00.000Z', '2026-09-28T16:50:00.000Z', 0, 3, 0, 119, 125, 0, 'HH', '444');
INSERT INTO "course" ("course_id", "course_name", "course_number", "difficulty_score", "estimated_hours_per_week", "course_code", "credits", "category_id", "department_id", "course_level", "type", "days", "start_time", "end_time", "is_online", "final_id", "cancelled", "num_enrolled", "capacity", "waitlist", "building_code", "room") VALUES (164, 'Asian American Family Community', '51', 2, 6.0, 34420, 4, 10, 17, 'lower', 'Lec', 'MTuW', '2026-09-28T17:00:00.000Z', '2026-09-28T17:50:00.000Z', 0, 4, 0, 254, 275, 0, 'ALP', '451');
INSERT INTO "course" ("course_id", "course_name", "course_number", "difficulty_score", "estimated_hours_per_week", "course_code", "credits", "category_id", "department_id", "course_level", "type", "days", "start_time", "end_time", "is_online", "final_id", "cancelled", "num_enrolled", "capacity", "waitlist", "building_code", "room") VALUES (165, 'Race and Ethnicity', '63', 1, 6.0, 34430, 4, 10, 17, 'lower', 'Lec', 'MWTH', '2026-09-28T18:00:00.000Z', '2026-09-28T18:50:00.000Z', 0, 9, 0, 147, 300, 0, 'ALP', '77');
INSERT INTO "course" ("course_id", "course_name", "course_number", "difficulty_score", "estimated_hours_per_week", "course_code", "credits", "category_id", "department_id", "course_level", "type", "days", "start_time", "end_time", "is_online", "final_id", "cancelled", "num_enrolled", "capacity", "waitlist", "building_code", "room") VALUES (166, 'Sociology of Sexuality', '64', 1, 6.0, 34440, 4, 10, 17, 'lower', 'Lec', 'MWF', '2026-09-28T08:00:00.000Z', '2026-09-28T08:50:00.000Z', 0, 3, 0, 147, 300, 0, 'ALP', '21');
INSERT INTO "course" ("course_id", "course_name", "course_number", "difficulty_score", "estimated_hours_per_week", "course_code", "credits", "category_id", "department_id", "course_level", "type", "days", "start_time", "end_time", "is_online", "final_id", "cancelled", "num_enrolled", "capacity", "waitlist", "building_code", "room") VALUES (167, 'Ethnic and Immigrant America', '68A', 1, 6.0, 34460, 4, 10, 17, 'lower', 'Lec', 'MTuW', '2026-09-28T09:00:00.000Z', '2026-09-28T09:50:00.000Z', 0, 6, 0, 169, 350, 0, 'ALP', '89');
INSERT INTO "course" ("course_id", "course_name", "course_number", "difficulty_score", "estimated_hours_per_week", "course_code", "credits", "category_id", "department_id", "course_level", "type", "days", "start_time", "end_time", "is_online", "final_id", "cancelled", "num_enrolled", "capacity", "waitlist", "building_code", "room") VALUES (168, 'Gender and Ethnicity: Chicana/Latina Feminisms in the US', '163', 1, 6.0, 34470, 4, 10, 17, 'lower', 'Lec', 'TuTh', '2026-09-28T10:00:00.000Z', '2026-09-28T10:50:00.000Z', 0, 9, 0, 159, 175, 0, 'HH', '024');
INSERT INTO "course" ("course_id", "course_name", "course_number", "difficulty_score", "estimated_hours_per_week", "course_code", "credits", "category_id", "department_id", "course_level", "type", "days", "start_time", "end_time", "is_online", "final_id", "cancelled", "num_enrolled", "capacity", "waitlist", "building_code", "room") VALUES (169, 'Heritage Spanish: Latinidades en California', '3H', 1, 6.0, 34480, 4, 10, 10, 'lower', 'Lec', 'MWF', '2026-09-28T11:00:00.000Z', '2026-09-28T11:50:00.000Z', 0, 2, 0, 44, 200, 0, 'HH', '50');
INSERT INTO "course" ("course_id", "course_name", "course_number", "difficulty_score", "estimated_hours_per_week", "course_code", "credits", "category_id", "department_id", "course_level", "type", "days", "start_time", "end_time", "is_online", "final_id", "cancelled", "num_enrolled", "capacity", "waitlist", "building_code", "room") VALUES (170, 'Latinx, Multilingualism, and Social Justice', '62', 1, 6.0, 34485, 4, 10, 10, 'lower', 'Lec', 'TuTh', '2026-09-28T12:00:00.000Z', '2026-09-28T12:50:00.000Z', 0, 1, 0, 56, 100, 0, 'HH', '646');
INSERT INTO "course" ("course_id", "course_name", "course_number", "difficulty_score", "estimated_hours_per_week", "course_code", "credits", "category_id", "department_id", "course_level", "type", "days", "start_time", "end_time", "is_online", "final_id", "cancelled", "num_enrolled", "capacity", "waitlist", "building_code", "room") VALUES (171, 'Nuclear Environments', '168', 2, 6.0, 34490, 4, 11, 6, 'upper', 'Lec', 'MWF', '2026-09-28T13:00:00.000Z', '2026-09-28T13:50:00.000Z', 0, 6, 0, 118, 125, 0, 'ALP', '454');
INSERT INTO "course" ("course_id", "course_name", "course_number", "difficulty_score", "estimated_hours_per_week", "course_code", "credits", "category_id", "department_id", "course_level", "type", "days", "start_time", "end_time", "is_online", "final_id", "cancelled", "num_enrolled", "capacity", "waitlist", "building_code", "room") VALUES (172, 'Introduction to Global Health', '170', 1, 6.0, 34495, 4, 11, 6, 'upper', 'Lec', 'TuTh', '2026-09-28T14:00:00.000Z', '2026-09-28T14:50:00.000Z', 0, 4, 0, 116, 125, 0, 'ALP', '015');
INSERT INTO "course" ("course_id", "course_name", "course_number", "difficulty_score", "estimated_hours_per_week", "course_code", "credits", "category_id", "department_id", "course_level", "type", "days", "start_time", "end_time", "is_online", "final_id", "cancelled", "num_enrolled", "capacity", "waitlist", "building_code", "room") VALUES (173, 'Global Health Ethics', '174', 2, 6.0, 34475, 4, 11, 6, 'upper', 'Lec', 'MWF', '2026-09-28T15:00:00.000Z', '2026-09-28T15:50:00.000Z', 0, 5, 0, 169, 175, 0, 'ALP', '047');
INSERT INTO "course" ("course_id", "course_name", "course_number", "difficulty_score", "estimated_hours_per_week", "course_code", "credits", "category_id", "department_id", "course_level", "type", "days", "start_time", "end_time", "is_online", "final_id", "cancelled", "num_enrolled", "capacity", "waitlist", "building_code", "room") VALUES (174, 'Births, Deaths, and Migration', '44', 1, 6.0, 34465, 4, 11, 17, 'lower', 'Lec', 'MWF', '2026-09-28T16:00:00.000Z', '2026-09-28T16:50:00.000Z', 0, 7, 0, 136, 250, 0, 'ALP', '046');
INSERT INTO "course" ("course_id", "course_name", "course_number", "difficulty_score", "estimated_hours_per_week", "course_code", "credits", "category_id", "department_id", "course_level", "type", "days", "start_time", "end_time", "is_online", "final_id", "cancelled", "num_enrolled", "capacity", "waitlist", "building_code", "room") VALUES (175, 'Intermediate Spanish', '2A', 2, 6.0, 34455, 4, 11, 10, 'lower', 'Lec', 'TuTh', '2026-09-28T17:00:00.000Z', '2026-09-28T17:50:00.000Z', 0, 4, 0, 114, 150, 0, 'SSL', '098');
INSERT INTO "course" ("course_id", "course_name", "course_number", "difficulty_score", "estimated_hours_per_week", "course_code", "credits", "category_id", "department_id", "course_level", "type", "days", "start_time", "end_time", "is_online", "final_id", "cancelled", "num_enrolled", "capacity", "waitlist", "building_code", "room") VALUES (176, 'Intermediate Spanish', '2B', 2, 6.0, 34435, 4, 11, 10, 'lower', 'Lec', 'TuTh', '2026-09-28T18:00:00.000Z', '2026-09-28T18:50:00.000Z', 0, 4, 0, 169, 170, 0, 'SSL', '36');
INSERT INTO "course" ("course_id", "course_name", "course_number", "difficulty_score", "estimated_hours_per_week", "course_code", "credits", "category_id", "department_id", "course_level", "type", "days", "start_time", "end_time", "is_online", "final_id", "cancelled", "num_enrolled", "capacity", "waitlist", "building_code", "room") VALUES (177, 'Intermediate Spanish', '2C', 2, 6.0, 34425, 4, 11, 10, 'lower', 'Lec', 'TuWTh', '2026-09-28T08:00:00.000Z', '2026-09-28T08:50:00.000Z', 0, 6, 0, 147, 150, 0, 'SSL', '04');
INSERT INTO "course" ("course_id", "course_name", "course_number", "difficulty_score", "estimated_hours_per_week", "course_code", "credits", "category_id", "department_id", "course_level", "type", "days", "start_time", "end_time", "is_online", "final_id", "cancelled", "num_enrolled", "capacity", "waitlist", "building_code", "room") VALUES (178, 'US Latino Communities', '3', 1, 6.0, 34415, 4, 11, 10, 'lower', 'Lec', 'MWF', '2026-09-28T09:00:00.000Z', '2026-09-28T09:50:00.000Z', 0, 5, 0, 133, 150, 0, 'SSL', '007');
INSERT INTO "course" ("course_id", "course_name", "course_number", "difficulty_score", "estimated_hours_per_week", "course_code", "credits", "category_id", "department_id", "course_level", "type", "days", "start_time", "end_time", "is_online", "final_id", "cancelled", "num_enrolled", "capacity", "waitlist", "building_code", "room") VALUES (180, 'General Chemistry', '1B', 1, 6.0, 31185, 4, 7, 3, 'lower', 'Lec', 'TuTh', '2026-09-28T10:00:00.000Z', '2026-09-28T10:50:00.000Z', 0, 7, 0, 170, 200, 0, 'SSL', '89');
INSERT INTO "course" ("course_id", "course_name", "course_number", "difficulty_score", "estimated_hours_per_week", "course_code", "credits", "category_id", "department_id", "course_level", "type", "days", "start_time", "end_time", "is_online", "final_id", "cancelled", "num_enrolled", "capacity", "waitlist", "building_code", "room") VALUES (181, 'General Chemistry', '1C', 1, 6.0, 36695, 4, 7, 3, 'lower', 'Lec', 'MWF', '2026-09-28T11:00:00.000Z', '2026-09-28T11:50:00.000Z', 0, 9, 0, 117, 150, 0, 'SSL', '466');
INSERT INTO "course" ("course_id", "course_name", "course_number", "difficulty_score", "estimated_hours_per_week", "course_code", "credits", "category_id", "department_id", "course_level", "type", "days", "start_time", "end_time", "is_online", "final_id", "cancelled", "num_enrolled", "capacity", "waitlist", "building_code", "room") VALUES (182, 'Statistical Computing and Exploratory Data Analysis', '68', 3, 6.0, 37710, 4, 1, 8, 'lower', 'Lec', 'MWF', '2026-09-28T12:00:00.000Z', '2026-09-28T12:50:00.000Z', 0, 8, 0, 147, 150, 0, 'ICS', '45454');
INSERT INTO "course" ("course_id", "course_name", "course_number", "difficulty_score", "estimated_hours_per_week", "course_code", "credits", "category_id", "department_id", "course_level", "type", "days", "start_time", "end_time", "is_online", "final_id", "cancelled", "num_enrolled", "capacity", "waitlist", "building_code", "room") VALUES (183, 'Statistical Methods for Data Analysis I', '110', 3, 6.0, 37720, 4, 1, 8, 'upper', 'Lec', 'TuTh', '2026-09-28T13:00:00.000Z', '2026-09-28T13:50:00.000Z', 0, 2, 0, 198, 225, 0, 'ICS', '007');
INSERT INTO "course" ("course_id", "course_name", "course_number", "difficulty_score", "estimated_hours_per_week", "course_code", "credits", "category_id", "department_id", "course_level", "type", "days", "start_time", "end_time", "is_online", "final_id", "cancelled", "num_enrolled", "capacity", "waitlist", "building_code", "room") VALUES (184, 'Statistical Methods for Data Analysis II', '111', 3, 6.0, 37730, 4, 1, 8, 'upper', 'Lec', 'TuWTh', '2026-09-28T14:00:00.000Z', '2026-09-28T14:50:00.000Z', 0, 9, 0, 68, 80, 0, 'ICS', '009');
INSERT INTO "course" ("course_id", "course_name", "course_number", "difficulty_score", "estimated_hours_per_week", "course_code", "credits", "category_id", "department_id", "course_level", "type", "days", "start_time", "end_time", "is_online", "final_id", "cancelled", "num_enrolled", "capacity", "waitlist", "building_code", "room") VALUES (185, 'Statistical Methods for Data Analysis III', '112', 4, 6.0, 37740, 4, 1, 8, 'upper', 'Lec', 'MTuTh', '2026-09-28T15:00:00.000Z', '2026-09-28T15:50:00.000Z', 0, 7, 0, 89, 90, 0, 'ICS', '004');
INSERT INTO "course" ("course_id", "course_name", "course_number", "difficulty_score", "estimated_hours_per_week", "course_code", "credits", "category_id", "department_id", "course_level", "type", "days", "start_time", "end_time", "is_online", "final_id", "cancelled", "num_enrolled", "capacity", "waitlist", "building_code", "room") VALUES (186, 'Introduction to Bayesian Data Analysis', '115', 3, 6.0, 37750, 4, 1, 8, 'upper', 'Lec', 'MWF', '2026-09-28T16:00:00.000Z', '2026-09-28T16:50:00.000Z', 0, 6, 0, 124, 125, 0, 'ICS', '009');
INSERT INTO "course" ("course_id", "course_name", "course_number", "difficulty_score", "estimated_hours_per_week", "course_code", "credits", "category_id", "department_id", "course_level", "type", "days", "start_time", "end_time", "is_online", "final_id", "cancelled", "num_enrolled", "capacity", "waitlist", "building_code", "room") VALUES (187, 'Introduction to Probability and Statistics I', '120A', 3, 6.0, 37760, 4, 1, 8, 'upper', 'Lec', 'MWF', '2026-09-28T17:00:00.000Z', '2026-09-28T17:50:00.000Z', 0, 3, 0, 154, 160, 0, 'ICS', '361');
INSERT INTO "course" ("course_id", "course_name", "course_number", "difficulty_score", "estimated_hours_per_week", "course_code", "credits", "category_id", "department_id", "course_level", "type", "days", "start_time", "end_time", "is_online", "final_id", "cancelled", "num_enrolled", "capacity", "waitlist", "building_code", "room") VALUES (188, 'Introduction to Probability and Statistics II', '120B', 4, 6.0, 37765, 4, 1, 8, 'upper', 'Lec', 'MWF', '2026-09-28T18:00:00.000Z', '2026-09-28T18:50:00.000Z', 0, 1, 0, 164, 170, 0, 'ICS', '485');
INSERT INTO "course" ("course_id", "course_name", "course_number", "difficulty_score", "estimated_hours_per_week", "course_code", "credits", "category_id", "department_id", "course_level", "type", "days", "start_time", "end_time", "is_online", "final_id", "cancelled", "num_enrolled", "capacity", "waitlist", "building_code", "room") VALUES (189, 'Introduction to Probability and Statistics III', '120C', 4, 6.0, 37770, 4, 1, 8, 'upper', 'Lec', 'TuTh', '2026-09-28T08:00:00.000Z', '2026-09-28T08:50:00.000Z', 0, 8, 0, 189, 190, 0, 'ICS', '196');
INSERT INTO "course" ("course_id", "course_name", "course_number", "difficulty_score", "estimated_hours_per_week", "course_code", "credits", "category_id", "department_id", "course_level", "type", "days", "start_time", "end_time", "is_online", "final_id", "cancelled", "num_enrolled", "capacity", "waitlist", "building_code", "room") VALUES (190, 'Information Visualization', '143', 2, 6.0, 37775, 4, 1, 12, 'upper', 'Lec', 'TuTh', '2026-09-28T09:00:00.000Z', '2026-09-28T09:50:00.000Z', 0, 5, 0, 169, 170, 0, 'ICS', '032');
INSERT INTO "course" ("course_id", "course_name", "course_number", "difficulty_score", "estimated_hours_per_week", "course_code", "credits", "category_id", "department_id", "course_level", "type", "days", "start_time", "end_time", "is_online", "final_id", "cancelled", "num_enrolled", "capacity", "waitlist", "building_code", "room") VALUES (191, 'Probability II', '130B', 3, 6.0, 37755, 4, 1, 9, 'upper', 'Lec', 'MTuW', '2026-09-28T10:00:00.000Z', '2026-09-28T10:50:00.000Z', 0, 6, 0, 144, 150, 0, 'MA', '14');
INSERT INTO "course" ("course_id", "course_name", "course_number", "difficulty_score", "estimated_hours_per_week", "course_code", "credits", "category_id", "department_id", "course_level", "type", "days", "start_time", "end_time", "is_online", "final_id", "cancelled", "num_enrolled", "capacity", "waitlist", "building_code", "room") VALUES (192, 'Stochastic Processes', '130C', 4, 6.0, 37745, 4, 1, 9, 'upper', 'Lec', 'TuTh', '2026-09-28T11:00:00.000Z', '2026-09-28T11:50:00.000Z', 0, 3, 0, 129, 135, 0, 'MA', '017');
INSERT INTO "course" ("course_id", "course_name", "course_number", "difficulty_score", "estimated_hours_per_week", "course_code", "credits", "category_id", "department_id", "course_level", "type", "days", "start_time", "end_time", "is_online", "final_id", "cancelled", "num_enrolled", "capacity", "waitlist", "building_code", "room") VALUES (193, 'Multivariate Statistical Methods', '140', 4, 6.0, 36625, 4, 1, 8, 'upper', 'Lec', 'TuWTh', '2026-09-28T12:00:00.000Z', '2026-09-28T12:50:00.000Z', 0, 9, 0, 185, 185, 0, 'STT', '019');
INSERT INTO "course" ("course_id", "course_name", "course_number", "difficulty_score", "estimated_hours_per_week", "course_code", "credits", "category_id", "department_id", "course_level", "type", "days", "start_time", "end_time", "is_online", "final_id", "cancelled", "num_enrolled", "capacity", "waitlist", "building_code", "room") VALUES (194, 'Principles in System Design', '53', 5, 9.0, 37795, 6, 1, 4, 'lower', 'Lec', 'MTuW', '2026-09-28T13:00:00.000Z', '2026-09-28T13:50:00.000Z', 0, 4, 0, 14, 124, 0, 'ICS', '55');
INSERT INTO "course" ("course_id", "course_name", "course_number", "difficulty_score", "estimated_hours_per_week", "course_code", "credits", "category_id", "department_id", "course_level", "type", "days", "start_time", "end_time", "is_online", "final_id", "cancelled", "num_enrolled", "capacity", "waitlist", "building_code", "room") VALUES (195, 'Computer Simulation', '115', 3, 6.0, 31410, 4, 1, 13, 'upper', 'Lec', 'MTuW', '2026-09-28T14:00:00.000Z', '2026-09-28T14:50:00.000Z', 0, 3, 0, 19, 65, 0, 'ICS', '22');
INSERT INTO "course" ("course_id", "course_name", "course_number", "difficulty_score", "estimated_hours_per_week", "course_code", "credits", "category_id", "department_id", "course_level", "type", "days", "start_time", "end_time", "is_online", "final_id", "cancelled", "num_enrolled", "capacity", "waitlist", "building_code", "room") VALUES (196, 'Social Analysis of Computing', '161', 2, 6.0, 32145, 4, 1, 12, 'upper', 'Lec', 'MWF', '2026-09-28T15:00:00.000Z', '2026-09-28T15:50:00.000Z', 0, 6, 0, 165, 355, 0, 'ICS', '77');
INSERT INTO "course" ("course_id", "course_name", "course_number", "difficulty_score", "estimated_hours_per_week", "course_code", "credits", "category_id", "department_id", "course_level", "type", "days", "start_time", "end_time", "is_online", "final_id", "cancelled", "num_enrolled", "capacity", "waitlist", "building_code", "room") VALUES (197, 'Project in Data Science I', '170A', 4, 6.0, 33125, 4, 1, 8, 'upper', 'Lec', 'MF', '2026-09-28T16:00:00.000Z', '2026-09-28T16:50:00.000Z', 0, 9, 0, 124, 125, 0, 'ICS', '41');
INSERT INTO "course" ("course_id", "course_name", "course_number", "difficulty_score", "estimated_hours_per_week", "course_code", "credits", "category_id", "department_id", "course_level", "type", "days", "start_time", "end_time", "is_online", "final_id", "cancelled", "num_enrolled", "capacity", "waitlist", "building_code", "room") VALUES (198, 'Project in Data Science II', '170B', 5, 6.0, 33135, 4, 1, 8, 'upper', 'Lec', 'F', '2026-09-28T17:00:00.000Z', '2026-09-28T17:50:00.000Z', 0, 7, 0, 124, 125, 0, 'ICS', '55');
INSERT INTO "course" ("course_id", "course_name", "course_number", "difficulty_score", "estimated_hours_per_week", "course_code", "credits", "category_id", "department_id", "course_level", "type", "days", "start_time", "end_time", "is_online", "final_id", "cancelled", "num_enrolled", "capacity", "waitlist", "building_code", "room") VALUES (199, 'From DNA to Organisms', '93', 1, 4.5, 33445, 3, 4, 18, 'lower', 'Lec', 'MF', '2026-09-28T18:00:00.000Z', '2026-09-28T18:50:00.000Z', 0, 7, 0, 16, 25, 0, 'BIO', '14');
INSERT INTO "course" ("course_id", "course_name", "course_number", "difficulty_score", "estimated_hours_per_week", "course_code", "credits", "category_id", "department_id", "course_level", "type", "days", "start_time", "end_time", "is_online", "final_id", "cancelled", "num_enrolled", "capacity", "waitlist", "building_code", "room") VALUES (200, 'Project in Health Informatics', '172', 4, 6.0, 31165, 4, 1, 12, 'upper', 'Lec', 'F', '2026-09-28T08:00:00.000Z', '2026-09-28T08:50:00.000Z', 0, 5, 0, 123, 125, 0, 'ICS', '41');
INSERT INTO "course" ("course_id", "course_name", "course_number", "difficulty_score", "estimated_hours_per_week", "course_code", "credits", "category_id", "department_id", "course_level", "type", "days", "start_time", "end_time", "is_online", "final_id", "cancelled", "num_enrolled", "capacity", "waitlist", "building_code", "room") VALUES (201, 'Consumer Health Informatics', '173', 2, 6.0, 32255, 4, 1, 12, 'upper', 'Lec', 'MF', '2026-09-28T09:00:00.000Z', '2026-09-28T09:50:00.000Z', 0, 4, 0, 114, 158, 0, 'ICS', '14');
INSERT INTO "course" ("course_id", "course_name", "course_number", "difficulty_score", "estimated_hours_per_week", "course_code", "credits", "category_id", "department_id", "course_level", "type", "days", "start_time", "end_time", "is_online", "final_id", "cancelled", "num_enrolled", "capacity", "waitlist", "building_code", "room") VALUES (202, 'Health Data Analytics', '174', 3, 6.0, 36645, 4, 1, 12, 'upper', 'Lec', 'MWF', '2026-09-28T10:00:00.000Z', '2026-09-28T10:50:00.000Z', 0, 3, 0, 169, 175, 0, 'ICS', '22');
INSERT INTO "course" ("course_id", "course_name", "course_number", "difficulty_score", "estimated_hours_per_week", "course_code", "credits", "category_id", "department_id", "course_level", "type", "days", "start_time", "end_time", "is_online", "final_id", "cancelled", "num_enrolled", "capacity", "waitlist", "building_code", "room") VALUES (203, 'Invitation to Computing', '20', 1, 6.0, 31125, 4, 1, 4, 'lower', 'Lec', 'MF', '2026-09-28T11:00:00.000Z', '2026-09-28T11:50:00.000Z', 0, 9, 0, 147, 150, 0, 'HI', '77');
INSERT INTO "course" ("course_id", "course_name", "course_number", "difficulty_score", "estimated_hours_per_week", "course_code", "credits", "category_id", "department_id", "course_level", "type", "days", "start_time", "end_time", "is_online", "final_id", "cancelled", "num_enrolled", "capacity", "waitlist", "building_code", "room") VALUES (204, 'Information Systems in Organizations', '162', 2, 6.0, 31135, 4, 1, 4, 'upper', 'Lec', 'MWF', '2026-09-28T12:00:00.000Z', '2026-09-28T12:50:00.000Z', 0, 6, 0, 254, 230, 0, 'ICS', '78');
INSERT INTO "course" ("course_id", "course_name", "course_number", "difficulty_score", "estimated_hours_per_week", "course_code", "credits", "category_id", "department_id", "course_level", "type", "days", "start_time", "end_time", "is_online", "final_id", "cancelled", "num_enrolled", "capacity", "waitlist", "building_code", "room") VALUES (205, 'Introduction to Epidemiology', '101', 2, 6.0, 36655, 4, 1, 6, 'upper', 'Lec', 'MF', '2026-09-28T13:00:00.000Z', '2026-09-28T13:50:00.000Z', 0, 9, 0, 267, 285, 0, 'PH', '47');
INSERT INTO "course" ("course_id", "course_name", "course_number", "difficulty_score", "estimated_hours_per_week", "course_code", "credits", "category_id", "department_id", "course_level", "type", "days", "start_time", "end_time", "is_online", "final_id", "cancelled", "num_enrolled", "capacity", "waitlist", "building_code", "room") VALUES (206, 'Health Policy', '122', 2, 6.0, 39655, 4, 1, 6, 'upper', 'Lec', 'MWF', '2026-09-28T14:00:00.000Z', '2026-09-28T14:50:00.000Z', 0, 7, 0, 302, 325, 0, 'PH', '44');
INSERT INTO "course" ("course_id", "course_name", "course_number", "difficulty_score", "estimated_hours_per_week", "course_code", "credits", "category_id", "department_id", "course_level", "type", "days", "start_time", "end_time", "is_online", "final_id", "cancelled", "num_enrolled", "capacity", "waitlist", "building_code", "room") VALUES (207, 'Foundations of Community Health', '125', 2, 6.0, 39620, 4, 1, 6, 'upper', 'Lec', 'MF', '2026-09-28T15:00:00.000Z', '2026-09-28T15:50:00.000Z', 0, 6, 0, 206, 230, 0, 'PH', '55');
INSERT INTO "course" ("course_id", "course_name", "course_number", "difficulty_score", "estimated_hours_per_week", "course_code", "credits", "category_id", "department_id", "course_level", "type", "days", "start_time", "end_time", "is_online", "final_id", "cancelled", "num_enrolled", "capacity", "waitlist", "building_code", "room") VALUES (208, 'Public Health Programs for the Corporate World', '127', 1, 6.0, 39630, 4, 1, 6, 'upper', 'Lec', 'M', '2026-09-28T16:00:00.000Z', '2026-09-28T16:50:00.000Z', 0, 9, 0, 294, 300, 0, 'PH', '2');
INSERT INTO "course" ("course_id", "course_name", "course_number", "difficulty_score", "estimated_hours_per_week", "course_code", "credits", "category_id", "department_id", "course_level", "type", "days", "start_time", "end_time", "is_online", "final_id", "cancelled", "num_enrolled", "capacity", "waitlist", "building_code", "room") VALUES (209, 'Basic Economics I', '20A', 2, 6.0, 39640, 4, 5, 19, 'lower', 'Lec', 'MW', '2026-09-28T17:00:00.000Z', '2026-09-28T17:50:00.000Z', 0, 6, 0, 169, 170, 0, 'ECO', '77');
INSERT INTO "course" ("course_id", "course_name", "course_number", "difficulty_score", "estimated_hours_per_week", "course_code", "credits", "category_id", "department_id", "course_level", "type", "days", "start_time", "end_time", "is_online", "final_id", "cancelled", "num_enrolled", "capacity", "waitlist", "building_code", "room") VALUES (210, 'Basic Economics II', '20B', 2, 6.0, 39650, 4, 5, 19, 'lower', 'Lec', 'MF', '2026-09-28T18:00:00.000Z', '2026-09-28T18:50:00.000Z', 0, 3, 0, 169, 170, 0, 'ECO', '5');
INSERT INTO "course" ("course_id", "course_name", "course_number", "difficulty_score", "estimated_hours_per_week", "course_code", "credits", "category_id", "department_id", "course_level", "type", "days", "start_time", "end_time", "is_online", "final_id", "cancelled", "num_enrolled", "capacity", "waitlist", "building_code", "room") VALUES (211, 'Management Science', '101', 3, 6.0, 39660, 4, 1, 20, 'upper', 'Lec', 'MF', '2026-09-28T08:00:00.000Z', '2026-09-28T08:50:00.000Z', 0, 5, 0, 14, 25, 0, 'BUS', '78');
INSERT INTO "course" ("course_id", "course_name", "course_number", "difficulty_score", "estimated_hours_per_week", "course_code", "credits", "category_id", "department_id", "course_level", "type", "days", "start_time", "end_time", "is_online", "final_id", "cancelled", "num_enrolled", "capacity", "waitlist", "building_code", "room") VALUES (212, 'Managing Organizational Behavior', '102', 3, 6.0, 39970, 4, 1, 20, 'upper', 'Lec', 'MWF', '2026-09-28T09:00:00.000Z', '2026-09-28T09:50:00.000Z', 0, 7, 0, 66, 70, 0, 'BUS', '98');
INSERT INTO "course" ("course_id", "course_name", "course_number", "difficulty_score", "estimated_hours_per_week", "course_code", "credits", "category_id", "department_id", "course_level", "type", "days", "start_time", "end_time", "is_online", "final_id", "cancelled", "num_enrolled", "capacity", "waitlist", "building_code", "room") VALUES (213, 'Introduction to Marketing', '105', 2, 6.0, 39980, 4, 1, 20, 'upper', 'Lec', 'MF', '2026-09-28T10:00:00.000Z', '2026-09-28T10:50:00.000Z', 0, 8, 0, 149, 150, 0, 'BUS', '78');
INSERT INTO "course" ("course_id", "course_name", "course_number", "difficulty_score", "estimated_hours_per_week", "course_code", "credits", "category_id", "department_id", "course_level", "type", "days", "start_time", "end_time", "is_online", "final_id", "cancelled", "num_enrolled", "capacity", "waitlist", "building_code", "room") VALUES (214, 'Introduction to Management Information Systems', '107', 2, 6.0, 39920, 4, 1, 20, 'upper', 'Lec', 'TuTh', '2026-09-28T11:00:00.000Z', '2026-09-28T11:50:00.000Z', 0, 6, 0, 59, 60, 0, 'BUS', '77');
INSERT INTO "course" ("course_id", "course_name", "course_number", "difficulty_score", "estimated_hours_per_week", "course_code", "credits", "category_id", "department_id", "course_level", "type", "days", "start_time", "end_time", "is_online", "final_id", "cancelled", "num_enrolled", "capacity", "waitlist", "building_code", "room") VALUES (215, 'Introduction to Managerial Finance', '109', 3, 6.0, 39930, 4, 1, 20, 'upper', 'Lec', 'TuWTh', '2026-09-28T12:00:00.000Z', '2026-09-28T12:50:00.000Z', 0, 9, 0, 143, 145, 0, 'BUS', '5');
INSERT INTO "course" ("course_id", "course_name", "course_number", "difficulty_score", "estimated_hours_per_week", "course_code", "credits", "category_id", "department_id", "course_level", "type", "days", "start_time", "end_time", "is_online", "final_id", "cancelled", "num_enrolled", "capacity", "waitlist", "building_code", "room") VALUES (216, 'Strategic Management', '110', 2, 6.0, 39940, 4, 1, 20, 'upper', 'Lec', 'TuWTh', '2026-09-28T13:00:00.000Z', '2026-09-28T13:50:00.000Z', 0, 4, 0, 168, 170, 0, 'BUS', '99');
INSERT INTO "course" ("course_id", "course_name", "course_number", "difficulty_score", "estimated_hours_per_week", "course_code", "credits", "category_id", "department_id", "course_level", "type", "days", "start_time", "end_time", "is_online", "final_id", "cancelled", "num_enrolled", "capacity", "waitlist", "building_code", "room") VALUES (217, 'Business Intelligence for Analytical Decisions', '173', 3, 6.0, 39950, 4, 1, 20, 'upper', 'Lec', 'TuTh', '2026-09-28T14:00:00.000Z', '2026-09-28T14:50:00.000Z', 0, 6, 0, 116, 120, 0, 'BUS', '6');
INSERT INTO "course" ("course_id", "course_name", "course_number", "difficulty_score", "estimated_hours_per_week", "course_code", "credits", "category_id", "department_id", "course_level", "type", "days", "start_time", "end_time", "is_online", "final_id", "cancelled", "num_enrolled", "capacity", "waitlist", "building_code", "room") VALUES (218, 'Management of Information Technology', '178', 2, 6.0, 39975, 4, 1, 20, 'upper', 'Lec', 'MW', '2026-09-28T15:00:00.000Z', '2026-09-28T15:50:00.000Z', 0, 3, 0, 36, 40, 0, 'BUS', '55');
INSERT INTO "course" ("course_id", "course_name", "course_number", "difficulty_score", "estimated_hours_per_week", "course_code", "credits", "category_id", "department_id", "course_level", "type", "days", "start_time", "end_time", "is_online", "final_id", "cancelled", "num_enrolled", "capacity", "waitlist", "building_code", "room") VALUES (219, 'Operations Management', '189', 2, 6.0, 39985, 4, 1, 20, 'upper', 'Lec', 'MWF', '2026-09-28T16:00:00.000Z', '2026-09-28T16:50:00.000Z', 0, 1, 0, 64, 65, 0, 'BUS', '44');
INSERT INTO "course" ("course_id", "course_name", "course_number", "difficulty_score", "estimated_hours_per_week", "course_code", "credits", "category_id", "department_id", "course_level", "type", "days", "start_time", "end_time", "is_online", "final_id", "cancelled", "num_enrolled", "capacity", "waitlist", "building_code", "room") VALUES (220, 'Statistics for Business Decision Making', '7', 2, 6.0, 39965, 4, 7, 20, 'lower', 'Lec', 'MF', '2026-09-28T17:00:00.000Z', '2026-09-28T17:50:00.000Z', 0, 6, 0, 67, 75, 0, 'BUS', '36');

-- prerequisite: 13 rows, cols=['id', 'course_id', 'prereq_id']
INSERT INTO "prerequisite" ("id", "course_id", "prereq_id") VALUES (1, 2, 1);
INSERT INTO "prerequisite" ("id", "course_id", "prereq_id") VALUES (2, 5, 3);
INSERT INTO "prerequisite" ("id", "course_id", "prereq_id") VALUES (3, 9, 7);
INSERT INTO "prerequisite" ("id", "course_id", "prereq_id") VALUES (4, 13, 9);
INSERT INTO "prerequisite" ("id", "course_id", "prereq_id") VALUES (5, 17, 15);
INSERT INTO "prerequisite" ("id", "course_id", "prereq_id") VALUES (6, 20, 19);
INSERT INTO "prerequisite" ("id", "course_id", "prereq_id") VALUES (7, 21, 20);
INSERT INTO "prerequisite" ("id", "course_id", "prereq_id") VALUES (8, 26, 2);
INSERT INTO "prerequisite" ("id", "course_id", "prereq_id") VALUES (9, 28, 11);
INSERT INTO "prerequisite" ("id", "course_id", "prereq_id") VALUES (10, 30, 2);
INSERT INTO "prerequisite" ("id", "course_id", "prereq_id") VALUES (11, 31, 13);
INSERT INTO "prerequisite" ("id", "course_id", "prereq_id") VALUES (12, 32, 13);
INSERT INTO "prerequisite" ("id", "course_id", "prereq_id") VALUES (13, 33, 13);

-- corequisite: 26 rows, cols=['id', 'course_id', 'coreq_id']
INSERT INTO "corequisite" ("id", "course_id", "coreq_id") VALUES (1, 3, 4);
INSERT INTO "corequisite" ("id", "course_id", "coreq_id") VALUES (2, 4, 3);
INSERT INTO "corequisite" ("id", "course_id", "coreq_id") VALUES (3, 5, 6);
INSERT INTO "corequisite" ("id", "course_id", "coreq_id") VALUES (4, 6, 5);
INSERT INTO "corequisite" ("id", "course_id", "coreq_id") VALUES (5, 7, 8);
INSERT INTO "corequisite" ("id", "course_id", "coreq_id") VALUES (6, 8, 7);
INSERT INTO "corequisite" ("id", "course_id", "coreq_id") VALUES (7, 9, 10);
INSERT INTO "corequisite" ("id", "course_id", "coreq_id") VALUES (8, 10, 9);
INSERT INTO "corequisite" ("id", "course_id", "coreq_id") VALUES (9, 11, 12);
INSERT INTO "corequisite" ("id", "course_id", "coreq_id") VALUES (10, 12, 11);
INSERT INTO "corequisite" ("id", "course_id", "coreq_id") VALUES (11, 13, 14);
INSERT INTO "corequisite" ("id", "course_id", "coreq_id") VALUES (12, 14, 13);
INSERT INTO "corequisite" ("id", "course_id", "coreq_id") VALUES (13, 15, 16);
INSERT INTO "corequisite" ("id", "course_id", "coreq_id") VALUES (14, 16, 15);
INSERT INTO "corequisite" ("id", "course_id", "coreq_id") VALUES (15, 17, 18);
INSERT INTO "corequisite" ("id", "course_id", "coreq_id") VALUES (16, 18, 17);
INSERT INTO "corequisite" ("id", "course_id", "coreq_id") VALUES (17, 22, 23);
INSERT INTO "corequisite" ("id", "course_id", "coreq_id") VALUES (18, 23, 22);
INSERT INTO "corequisite" ("id", "course_id", "coreq_id") VALUES (19, 26, 27);
INSERT INTO "corequisite" ("id", "course_id", "coreq_id") VALUES (20, 27, 26);
INSERT INTO "corequisite" ("id", "course_id", "coreq_id") VALUES (21, 28, 29);
INSERT INTO "corequisite" ("id", "course_id", "coreq_id") VALUES (22, 29, 28);
INSERT INTO "corequisite" ("id", "course_id", "coreq_id") VALUES (23, 184, 197);
INSERT INTO "corequisite" ("id", "course_id", "coreq_id") VALUES (24, 197, 184);
INSERT INTO "corequisite" ("id", "course_id", "coreq_id") VALUES (25, 185, 198);
INSERT INTO "corequisite" ("id", "course_id", "coreq_id") VALUES (26, 198, 185);

-- student: 2 rows, cols=['student_id', 'first_name', 'last_name', 'email', 'password', 'gpa', 'schedule_preference']
INSERT INTO "student" ("student_id", "first_name", "last_name", "email", "password", "gpa", "schedule_preference") VALUES (1, 'John', 'Doe', 'jdoe@uci.edu', '$pbkdf2-sha256$29000$Pee8l5IyZqw15rxX6p1zLg$nAFBakv3V4wPhfjqY21TJkVLv2YCEab6x4u5DPmeDpY', 3.5, 'balanced');
INSERT INTO "student" ("student_id", "first_name", "last_name", "email", "password", "gpa", "schedule_preference") VALUES (2, 'Robin', 'Miller', 'rmiller@uci.edu', '$pbkdf2-sha256$29000$oNSaM2bs/R.jFOK8d45Rig$BnkOJc70/JfhUQM7b0.LPNcb1grS0Y7ppzabB0UssLY', 3.67, 'balanced');

-- prev_enrollment: 32 rows, cols=['enrollment_id', 'student_id', 'course_id']
INSERT INTO "prev_enrollment" ("enrollment_id", "student_id", "course_id") VALUES (1, 1, 3);
INSERT INTO "prev_enrollment" ("enrollment_id", "student_id", "course_id") VALUES (2, 1, 4);
INSERT INTO "prev_enrollment" ("enrollment_id", "student_id", "course_id") VALUES (3, 1, 1);
INSERT INTO "prev_enrollment" ("enrollment_id", "student_id", "course_id") VALUES (4, 1, 7);
INSERT INTO "prev_enrollment" ("enrollment_id", "student_id", "course_id") VALUES (5, 1, 8);
INSERT INTO "prev_enrollment" ("enrollment_id", "student_id", "course_id") VALUES (6, 1, 9);
INSERT INTO "prev_enrollment" ("enrollment_id", "student_id", "course_id") VALUES (7, 1, 10);
INSERT INTO "prev_enrollment" ("enrollment_id", "student_id", "course_id") VALUES (8, 1, 15);
INSERT INTO "prev_enrollment" ("enrollment_id", "student_id", "course_id") VALUES (9, 1, 16);
INSERT INTO "prev_enrollment" ("enrollment_id", "student_id", "course_id") VALUES (10, 2, 7);
INSERT INTO "prev_enrollment" ("enrollment_id", "student_id", "course_id") VALUES (11, 2, 3);
INSERT INTO "prev_enrollment" ("enrollment_id", "student_id", "course_id") VALUES (12, 2, 97);
INSERT INTO "prev_enrollment" ("enrollment_id", "student_id", "course_id") VALUES (13, 2, 9);
INSERT INTO "prev_enrollment" ("enrollment_id", "student_id", "course_id") VALUES (14, 2, 5);
INSERT INTO "prev_enrollment" ("enrollment_id", "student_id", "course_id") VALUES (15, 2, 1);
INSERT INTO "prev_enrollment" ("enrollment_id", "student_id", "course_id") VALUES (16, 2, 114);
INSERT INTO "prev_enrollment" ("enrollment_id", "student_id", "course_id") VALUES (17, 2, 13);
INSERT INTO "prev_enrollment" ("enrollment_id", "student_id", "course_id") VALUES (18, 2, 35);
INSERT INTO "prev_enrollment" ("enrollment_id", "student_id", "course_id") VALUES (19, 2, 15);
INSERT INTO "prev_enrollment" ("enrollment_id", "student_id", "course_id") VALUES (20, 2, 2);
INSERT INTO "prev_enrollment" ("enrollment_id", "student_id", "course_id") VALUES (21, 2, 31);
INSERT INTO "prev_enrollment" ("enrollment_id", "student_id", "course_id") VALUES (22, 2, 34);
INSERT INTO "prev_enrollment" ("enrollment_id", "student_id", "course_id") VALUES (23, 2, 17);
INSERT INTO "prev_enrollment" ("enrollment_id", "student_id", "course_id") VALUES (24, 2, 25);
INSERT INTO "prev_enrollment" ("enrollment_id", "student_id", "course_id") VALUES (25, 2, 33);
INSERT INTO "prev_enrollment" ("enrollment_id", "student_id", "course_id") VALUES (26, 2, 44);
INSERT INTO "prev_enrollment" ("enrollment_id", "student_id", "course_id") VALUES (27, 2, 37);
INSERT INTO "prev_enrollment" ("enrollment_id", "student_id", "course_id") VALUES (28, 2, 28);
INSERT INTO "prev_enrollment" ("enrollment_id", "student_id", "course_id") VALUES (29, 2, 40);
INSERT INTO "prev_enrollment" ("enrollment_id", "student_id", "course_id") VALUES (30, 2, 38);
INSERT INTO "prev_enrollment" ("enrollment_id", "student_id", "course_id") VALUES (31, 2, 19);
INSERT INTO "prev_enrollment" ("enrollment_id", "student_id", "course_id") VALUES (32, 2, 144);

COMMIT;